Bat_Test_M,Bat_Test_Inn,Bat_Test_NO,Bat_Test_Runs,Bat_Test_HS,Bat_Test_Avg,Bat_Test_BF,Bat_Test_SR,Bat_Test_100,Bat_Test_200,Bat_Test_50,Bat_Test_4s,Bat_Test_6s,Bat_ODI_M,Bat_ODI_Inn,Bat_ODI_NO,Bat_ODI_Runs,Bat_ODI_HS,Bat_ODI_Avg,Bat_ODI_BF,Bat_ODI_SR,Bat_ODI_100,Bat_ODI_200,Bat_ODI_50,Bat_ODI_4s,Bat_ODI_6s,Bat_T20I_M,Bat_T20I_Inn,Bat_T20I_NO,Bat_T20I_Runs,Bat_T20I_HS,Bat_T20I_Avg,Bat_T20I_BF,Bat_T20I_SR,Bat_T20I_100,Bat_T20I_200,Bat_T20I_50,Bat_T20I_4s,Bat_T20I_6s,Bat_IPL_M,Bat_IPL_Inn,Bat_IPL_NO,Bat_IPL_Runs,Bat_IPL_HS,Bat_IPL_Avg,Bat_IPL_BF,Bat_IPL_SR,Bat_IPL_100,Bat_IPL_200,Bat_IPL_50,Bat_IPL_4s,Bat_IPL_6s
102,173,10,8074,254,49.53,14499,55.69,27,7,28,910,24,264,255,39,12358,183,57.21,13317,92.8,43,0,64,1161,126,115,107,31,4008,122,52.74,2905,137.97,1,0,37,356,117,223,215,32,6624,113,36.2,5129,129.15,5,0,44,578,218
45,77,9,3137,212,46.13,5625,55.77,8,1,14,335,64,235,228,34,9454,264,48.73,10572,89.42,29,3,46,862,256,148,140,15,3853,118,30.82,2767,139.25,4,0,29,348,182,227,222,28,5879,109,30.3,4526,129.89,1,0,40,519,240
34,58,1,2315,190,40.61,3458,66.95,7,0,5,316,12,166,163,10,6790,143,44.38,7428,91.41,17,0,39,842,79,68,66,3,1759,92,27.92,1392,126.36,0,0,11,191,50,206,205,26,6243,106,34.88,4942,126.33,2,0,47,701,136
11,21,2,579,91,30.47,1010,57.33,0,0,4,75,8,15,15,3,687,130,57.25,693,99.13,1,0,4,74,11,-,-,-,-,-,-,-,-,-,-,-,-,-,74,71,12,1900,96,32.2,1517,125.25,0,0,14,188,47
5,9,0,422,105,46.89,615,68.62,1,0,3,52,9,38,34,3,1534,113,49.48,1595,96.18,2,0,14,152,30,49,45,11,1043,74,30.68,767,135.98,0,0,7,85,42,101,101,13,2776,96,31.55,2214,125.38,0,0,19,237,99
-,-,-,-,-,-,-,-,-,-,-,-,-,29,24,7,566,104,33.29,625,90.56,1,0,2,45,5,39,33,17,709,79,44.31,562,126.16,0,0,3,49,19,160,149,27,3648,114,29.9,3002,121.52,1,0,21,317,105
21,36,0,1488,243,41.33,2782,53.49,4,2,6,189,28,5,5,0,86,32,17.2,83,103.61,0,0,0,12,1,-,-,-,-,-,-,-,-,-,-,-,-,-,113,107,4,2331,106,22.63,1733,134.51,1,0,12,227,91
5,9,1,339,134,42.38,394,86.04,1,0,2,48,2,6,6,0,189,49,31.5,166,113.86,0,0,0,32,2,1,1,0,0,0,0.0,1,0.0,0,0,0,0,0,63,63,0,1588,99,25.21,1077,147.45,0,0,12,192,55
96,164,9,6792,206,43.82,15383,44.15,18,3,33,816,15,5,5,0,51,27,10.2,130,39.23,0,0,0,4,0,-,-,-,-,-,-,-,-,-,-,-,-,-,30,22,3,390,51,20.53,391,99.74,0,0,1,50,4
82,140,12,4931,188,38.52,9972,49.45,12,0,25,561,34,90,87,3,2962,111,35.26,3767,78.63,3,0,24,293,33,20,20,2,375,61,20.83,331,113.29,0,0,1,32,6,158,148,16,4074,105,30.86,3376,120.68,2,0,28,431,80
11,18,1,532,108,31.29,720,73.89,1,0,4,68,12,66,48,7,1386,92,33.8,1199,115.6,0,0,8,105,54,81,61,16,1160,71,25.78,794,146.1,0,0,3,81,62,107,100,35,1963,91,30.2,1330,147.59,0,0,8,146,110
16,28,3,839,111,33.56,1988,42.2,1,0,5,107,2,-,-,-,-,-,-,-,-,-,-,-,-,-,-,-,-,-,-,-,-,-,-,-,-,-,-,24,23,3,284,46,14.2,321,88.47,0,0,0,23,1
60,89,20,2523,175,36.57,4240,59.5,3,0,17,253,55,171,115,40,2447,87,32.63,2828,86.53,0,0,13,179,50,64,34,15,457,46,24.05,367,124.52,0,0,0,34,12,210,161,67,2502,62,26.62,1960,127.65,0,0,2,182,90
86,123,14,2931,124,26.89,5364,54.64,5,0,12,339,16,113,63,20,707,65,16.44,813,86.96,0,0,1,60,7,65,19,12,184,31,26.29,160,115.0,0,0,0,17,4,184,75,27,647,50,13.48,550,117.64,0,0,1,51,21
43,74,2,2547,199,35.38,4833,52.7,7,0,13,309,17,47,45,6,1752,112,44.92,1993,87.91,5,0,11,130,43,72,68,8,2265,110,37.75,1628,139.13,2,0,22,191,99,109,100,19,3889,132,48.01,2855,136.22,4,0,31,327,164
-,-,-,-,-,-,-,-,-,-,-,-,-,11,10,5,330,86,66.0,315,104.76,0,0,2,25,15,16,15,1,296,77,21.14,219,135.16,0,0,1,23,13,138,134,13,3526,119,29.14,2598,135.72,3,0,17,279,158
40,56,10,1353,117,29.41,2973,45.51,3,0,6,129,14,9,5,2,41,16,13.67,56,73.21,0,0,0,5,0,-,-,-,-,-,-,-,-,-,-,-,-,-,144,119,23,2427,115,25.28,1898,127.87,1,0,11,231,76
31,53,4,2123,159,43.33,2922,72.66,5,0,10,233,48,30,26,1,865,125,34.6,811,106.66,1,0,5,90,26,66,56,12,987,65,22.43,780,126.54,0,0,3,86,37,98,97,15,2838,128,34.61,1918,147.97,1,0,15,260,129
60,84,24,685,56,11.42,928,73.81,0,0,2,76,22,82,39,17,184,25,8.36,222,82.88,0,0,0,14,8,23,3,2,0,0,0.0,2,0.0,0,0,0,0,0,93,23,12,69,21,6.27,73,94.52,0,0,0,5,2
30,46,17,212,34,7.31,455,46.59,0,0,0,24,6,72,20,13,47,14,6.71,93,50.54,0,0,0,5,1,60,7,5,8,7,4.0,13,61.54,0,0,0,1,0,120,26,19,56,16,8.0,66,84.85,0,0,0,4,1
7,8,0,54,26,6.75,185,29.19,0,0,0,6,0,72,24,13,125,19,11.36,199,62.81,0,0,0,10,0,25,4,3,43,23,43.0,48,89.58,0,0,0,2,0,59,18,11,105,16,15.0,127,82.68,0,0,0,8,2
-,-,-,-,-,-,-,-,-,-,-,-,-,70,14,5,77,18,8.56,141,54.61,0,0,0,8,0,71,4,2,5,3,2.5,11,45.45,0,0,0,0,0,131,20,13,37,8,5.29,86,43.02,0,0,0,0,0
2,3,1,8,5,4.0,27,29.63,0,0,0,1,0,8,5,3,107,45,53.5,137,78.1,0,0,0,9,3,11,3,3,12,11,0.0,11,109.09,0,0,0,2,0,30,7,3,33,12,8.25,37,89.19,0,0,0,3,0
8,14,1,254,67,19.54,367,69.21,0,0,3,32,9,30,18,6,267,50,22.25,246,108.54,0,0,1,26,8,25,6,3,69,22,23.0,38,181.58,0,0,0,5,4,75,24,8,173,29,10.81,134,129.1,0,0,0,12,8
52,61,26,408,31,11.66,822,49.64,0,0,0,37,20,75,24,14,79,18,7.9,134,58.96,0,0,0,8,1,9,2,1,22,20,22.0,21,104.76,0,0,0,2,0,133,45,27,177,24,9.83,168,105.36,0,0,0,15,8
13,19,8,66,16,6.0,118,55.93,0,0,0,7,2,15,6,2,20,9,5.0,46,43.48,0,0,0,2,0,8,1,0,5,5,5.0,7,71.43,0,0,0,1,0,65,20,13,96,14,13.71,109,88.07,0,0,0,10,2
3,6,0,58,32,9.67,227,25.55,0,0,0,7,0,147,145,3,4343,139,30.58,6297,68.97,11,0,20,455,32,61,59,6,1079,72,20.36,971,111.12,0,0,3,120,23,-,-,-,-,-,-,-,-,-,-,-,-,-
2,4,0,73,39,18.25,176,41.48,0,0,0,10,0,10,10,0,188,73,18.8,280,67.14,0,0,2,26,1,-,-,-,-,-,-,-,-,-,-,-,-,-,-,-,-,-,-,-,-,-,-,-,-,-,-
3,6,0,146,82,24.33,247,59.11,0,0,2,23,0,87,85,5,2544,145,31.8,3383,75.2,7,0,13,244,31,85,82,3,1810,83,22.91,1438,125.87,0,0,8,193,48,-,-,-,-,-,-,-,-,-,-,-,-,-
1,2,0,14,14,7.0,98,14.29,0,0,0,1,0,-,-,-,-,-,-,-,-,-,-,-,-,-,6,3,1,36,26,18.0,23,156.52,0,0,0,5,0,-,-,-,-,-,-,-,-,-,-,-,-,-
3,6,1,258,118,51.6,467,55.25,1,0,1,29,0,152,141,18,3619,142,29.42,4076,88.79,2,0,18,332,84,109,103,10,1973,124,21.22,1506,131.01,1,0,5,165,82,-,-,-,-,-,-,-,-,-,-,-,-,-
3,6,0,104,36,17.33,177,58.76,0,0,0,16,0,138,136,3,5172,177,38.89,5958,86.81,13,0,26,556,119,121,120,8,3181,115,28.4,2360,134.79,1,0,21,360,118,-,-,-,-,-,-,-,-,-,-,-,-,-
3,6,0,64,53,10.67,194,32.99,0,0,1,7,0,19,15,1,228,39,16.29,251,90.84,0,0,0,24,3,40,30,8,328,56,14.91,254,129.13,0,0,1,23,14,-,-,-,-,-,-,-,-,-,-,-,-,-
2,4,1,45,33,15.0,114,39.47,0,0,0,7,0,104,99,12,2072,113,23.82,2881,71.92,1,0,12,180,21,81,68,8,1268,65,21.13,1212,104.62,0,0,3,108,20,-,-,-,-,-,-,-,-,-,-,-,-,-
-,-,-,-,-,-,-,-,-,-,-,-,-,29,24,1,460,83,20.0,645,71.32,0,0,2,30,8,49,45,5,875,84,21.88,713,122.72,0,0,5,80,21,-,-,-,-,-,-,-,-,-,-,-,-,-
-,-,-,-,-,-,-,-,-,-,-,-,-,24,16,6,35,14,3.5,56,62.5,0,0,0,3,1,12,5,4,7,4,7.0,13,53.85,0,0,0,1,0,-,-,-,-,-,-,-,-,-,-,-,-,-
1,2,0,64,39,32.0,179,35.75,0,0,0,8,0,102,71,24,886,74,18.85,1167,75.92,0,0,3,72,15,111,67,27,795,58,19.88,615,129.27,0,0,1,58,27,-,-,-,-,-,-,-,-,-,-,-,-,-
3,6,2,109,54,27.25,132,82.58,0,0,1,14,2,58,36,12,188,23,7.83,297,63.3,0,0,0,17,1,14,5,3,26,12,13.0,25,104.0,0,0,0,0,1,-,-,-,-,-,-,-,-,-,-,-,-,-
1,2,0,11,8,5.5,24,45.83,0,0,0,0,1,26,21,8,253,32,19.46,242,104.55,0,0,0,16,14,58,42,10,406,38,12.69,345,117.68,0,0,0,26,17,-,-,-,-,-,-,-,-,-,-,-,-,-
2,4,0,18,11,4.5,77,23.38,0,0,0,3,0,67,45,10,666,79,19.03,936,71.15,0,0,2,60,11,32,18,6,155,36,12.92,132,117.42,0,0,0,11,5,-,-,-,-,-,-,-,-,-,-,-,-,-
-,-,-,-,-,-,-,-,-,-,-,-,-,38,26,6,162,18,8.1,285,56.84,0,0,0,13,1,35,22,9,187,32,14.38,157,119.11,0,0,0,13,9,-,-,-,-,-,-,-,-,-,-,-,-,-
3,6,1,43,17,8.6,99,43.43,0,0,0,6,0,75,34,21,101,18,7.77,239,42.26,0,0,0,4,1,50,15,8,64,16,9.14,74,86.49,0,0,0,3,3,-,-,-,-,-,-,-,-,-,-,-,-,-
5,10,0,278,62,27.8,618,44.98,0,0,2,30,1,146,142,3,5406,153,38.89,6163,87.72,17,0,30,533,129,103,103,12,3120,172,34.29,2189,142.53,2,0,19,309,125,92,90,6,2091,88,24.89,1631,128.2,0,0,15,214,78
89,157,20,8381,239,61.18,15439,54.28,29,4,36,916,45,139,124,15,4917,164,45.11,5610,87.65,12,0,29,431,47,63,51,11,1008,90,25.2,805,125.22,0,0,4,85,24,103,93,21,2485,101,34.51,1940,128.09,1,0,11,225,60
98,179,8,7891,335,46.15,11079,71.22,24,2,34,936,62,141,139,5,6007,179,44.83,6306,95.26,19,0,27,638,92,99,99,11,2894,100,32.89,2048,141.31,1,0,24,296,105,162,162,22,5881,126,42.01,4180,140.69,4,0,55,578,215
23,40,1,1442,180,36.97,2557,56.39,4,0,7,183,14,6,6,0,146,69,24.33,184,79.35,0,0,1,16,1,-,-,-,-,-,-,-,-,-,-,-,-,-,-,-,-,-,-,-,-,-,-,-,-,-,-
1,2,0,72,62,36.0,126,57.14,0,0,1,6,0,-,-,-,-,-,-,-,-,-,-,-,-,-,-,-,-,-,-,-,-,-,-,-,-,-,-,-,-,-,-,-,-,-,-,-,-,-,-,-
7,14,1,339,104,26.08,570,59.47,1,0,0,33,7,127,116,14,3482,108,34.14,2786,124.98,2,0,23,332,128,98,90,14,2159,145,28.41,1430,150.98,3,0,10,176,106,110,106,15,2319,95,25.48,1507,153.88,0,0,13,197,127
-,-,-,-,-,-,-,-,-,-,-,-,-,57,52,7,1296,146,28.8,1399,92.64,1,0,6,109,44,51,42,15,803,78,29.74,545,147.34,0,0,2,69,35,67,59,18,1070,65,26.1,779,137.36,0,0,4,83,48
4,8,1,164,81,23.43,346,47.4,0,0,2,12,2,16,15,2,117,22,9.0,192,60.94,0,0,0,10,0,24,21,4,355,62,20.88,285,124.56,0,0,2,17,15,62,54,18,1000,74,27.78,788,126.9,0,0,5,87,28
30,51,2,3010,215,61.43,5403,55.71,10,2,13,324,10,27,26,1,804,108,32.16,951,84.54,1,0,6,50,1,1,1,0,2,2,2.0,4,50.0,0,0,0,0,0,-,-,-,-,-,-,-,-,-,-,-,-,-
30,46,3,1875,175,43.6,3239,57.89,5,0,9,217,6,51,48,3,1823,152,40.51,1904,95.75,3,0,13,190,32,17,16,3,345,48,26.54,259,133.2,0,0,0,22,11,10,10,3,205,75,29.29,148,138.51,0,0,1,12,8
2,3,1,46,35,23.00,55,83.64,0,0,0,6,1,2,2,0,8,6,4.0,16,50.0,0,0,0,0,0,-,-,-,-,-,-,-,-,-,-,-,-,-,1,-,-,-,-,-,-,-,-,-,-,-,-
4,7,1,195,98,32.5,351,55.56,0,0,1,24,3,20,16,4,257,46,21.42,298,86.24,0,0,0,25,2,47,28,5,277,29,12.04,273,101.47,0,0,0,19,9,-,-,-,-,-,-,-,-,-,-,-,-,-
16,22,1,732,84,34.86,1526,47.97,0,0,5,67,6,13,11,6,290,89,58.0,321,90.34,0,0,1,22,8,8,8,0,139,61,17.38,80,173.75,0,0,2,17,8,-,-,-,-,-,-,-,-,-,-,-,-,-
-,-,-,-,-,-,-,-,-,-,-,-,-,-,-,-,-,-,-,-,-,-,-,-,-,-,10,7,3,106,41,26.5,62,170.97,0,0,0,8,6,16,13,4,44,15,4.89,44,100.0,0,0,0,1,3
-,-,-,-,-,-,-,-,-,-,-,-,-,8,6,0,105,49,17.5,96,109.38,0,0,0,13,1,9,3,1,17,12,8.5,17,100.0,0,0,0,1,1,3,3,0,22,14,7.33,18,122.22,0,0,0,1,2
12,16,2,462,93,33.0,857,53.91,0,0,3,43,2,62,57,11,1629,106,35.41,1850,88.05,1,0,7,152,13,38,26,5,233,37,11.1,215,108.37,0,0,0,19,7,3,3,1,32,14,16.0,29,110.34,0,0,0,0,1
36,63,9,1613,117,29.87,3203,50.36,4,0,5,175,12,97,83,12,1867,100,26.3,2288,81.6,1,0,11,129,34,75,57,16,1018,80,24.83,771,132.04,0,0,3,81,38,13,13,0,179,35,13.77,171,104.68,0,0,0,23,2
35,57,10,1535,92,32.66,3355,45.75,0,0,9,172,4,35,35,3,890,111,27.81,1257,70.8,1,0,5,96,6,12,9,1,82,25,10.25,77,106.49,0,0,0,7,3,2,2,0,10,8,5.0,26,38.46,0,0,0,0,0
44,61,9,880,63,16.92,2156,40.82,0,0,2,88,18,75,47,15,324,36,10.12,438,73.97,0,0,0,23,5,50,23,11,116,21,9.67,94,123.4,0,0,0,6,6,42,31,11,379,66,18.95,249,152.21,0,0,3,24,26
112,140,42,1247,47,12.72,2468,50.53,0,0,0,157,12,29,14,10,77,30,19.25,83,92.77,0,0,0,7,2,2,1,1,4,4,0.0,4,100.0,0,0,0,0,0,-,-,-,-,-,-,-,-,-,-,-,-,-
73,104,22,1816,99,22.15,2814,64.53,0,0,10,176,44,107,60,22,469,52,12.34,545,86.06,0,0,1,34,12,58,19,9,94,14,9.4,93,101.08,0,0,0,4,2,27,12,5,96,29,13.71,98,97.96,0,0,0,10,0
-,-,-,-,-,-,-,-,-,-,-,-,-,76,35,13,206,36,9.36,332,62.05,0,0,0,17,1,72,16,8,48,13,6.0,58,82.76,0,0,0,4,0,14,2,0,5,5,2.5,8,62.5,0,0,0,1,0
58,70,33,445,39,12.03,990,44.95,0,0,0,62,2,69,23,19,81,23,20.25,104,77.88,0,0,0,8,1,41,7,5,22,13,11.0,14,157.14,0,0,0,2,1,24,5,5,18,7,0.0,26,69.23,0,0,0,1,0
-,-,-,-,-,-,-,-,-,-,-,-,-,7,7,3,57,19,14.25,48,118.75,0,0,0,5,2,32,15,7,83,20,10.38,76,109.21,0,0,0,5,4,30,13,4,91,25,10.11,76,119.74,0,0,0,6,5
21,25,9,417,47,26.06,971,42.95,0,0,0,44,7,15,8,4,42,13,10.5,80,52.5,0,0,0,2,0,4,2,2,5,5,0.0,3,166.67,0,0,0,1,0,10,2,1,15,11,15.0,13,115.38,0,0,0,2,0
4,5,1,28,15,7.0,54,51.85,0,0,0,3,0,3,1,0,2,2,2.0,2,100.0,0,0,0,0,0,8,5,5,32,14,0.0,23,139.13,0,0,0,1,2,-,-,-,-,-,-,-,-,-,-,-,-,-
69,132,2,5082,206,39.09,8751,58.07,10,1,31,651,40,231,229,11,8074,158,37.04,10265,78.66,14,0,55,890,101,78,78,5,1758,103,24.08,1500,117.2,1,0,7,189,45,-,-,-,-,-,-,-,-,-,-,-,-,-
16,30,0,831,149,27.7,1442,57.63,1,0,4,109,9,61,58,3,1768,127,32.15,1816,97.36,2,0,11,203,43,72,72,3,1212,68,17.57,990,122.42,0,0,5,119,46,-,-,-,-,-,-,-,-,-,-,-,-,-
11,22,2,481,66,24.05,875,54.97,0,0,4,56,6,66,59,7,1333,102,25.63,1461,91.24,1,0,6,153,24,48,47,5,977,80,23.26,819,119.29,0,0,4,92,29,-,-,-,-,-,-,-,-,-,-,-,-,-
50,94,6,2914,150,33.11,5456,53.41,5,0,16,338,24,214,186,50,4859,128,35.73,6369,76.29,3,0,27,362,75,121,113,23,2121,64,23.57,1810,117.18,0,0,6,161,64,-,-,-,-,-,-,-,-,-,-,-,-,-
63,116,7,4251,217,39.0,6887,61.72,5,1,29,517,20,223,211,29,6792,134,37.32,8270,82.13,9,0,50,615,46,109,107,10,2243,84,23.12,1841,121.84,0,0,12,225,47,71,52,12,793,66,19.82,637,124.49,0,0,2,73,21
4,8,2,173,75,28.83,375,46.13,0,0,1,13,4,43,35,10,634,52,25.36,762,83.2,0,0,3,58,13,33,31,10,389,48,18.52,341,114.08,0,0,0,26,11,-,-,-,-,-,-,-,-,-,-,-,-,-
-,-,-,-,-,-,-,-,-,-,-,-,-,29,19,9,362,51,36.2,422,85.78,0,0,2,29,6,34,20,9,200,39,18.18,176,113.64,0,0,0,16,7,-,-,-,-,-,-,-,-,-,-,-,-,-
35,65,7,1089,103,18.78,2306,47.22,1,0,3,122,13,66,41,9,753,100,23.53,953,79.01,1,0,2,66,15,19,17,2,216,46,14.4,186,116.13,0,0,0,17,7,-,-,-,-,-,-,-,-,-,-,-,-,-
82,151,12,5235,219,37.66,11109,47.12,9,3,25,625,31,238,223,36,6804,144,36.39,8633,78.81,8,0,42,535,85,102,93,15,1500,72,19.23,1305,114.94,0,0,6,126,37,-,-,-,-,-,-,-,-,-,-,-,-,-
35,60,0,2112,141,35.2,3694,57.17,3,0,14,265,8,59,59,3,1883,176,33.62,2157,87.3,5,0,7,203,28,65,64,1,1388,69,22.03,1077,128.88,0,0,8,137,43,-,-,-,-,-,-,-,-,-,-,-,-,-
10,18,0,333,67,18.5,752,44.28,0,0,2,32,3,34,30,4,714,73,27.46,921,77.52,0,0,6,61,16,17,13,1,127,47,10.58,136,93.38,0,0,0,10,4,-,-,-,-,-,-,-,-,-,-,-,-,-
36,67,5,797,79,12.85,1186,67.2,0,0,3,95,22,220,158,28,1787,51,13.75,2041,87.56,0,0,1,149,62,54,39,11,377,36,13.46,278,135.61,0,0,0,28,23,1,1,1,2,2,0.0,2,100.0,0,0,0,0,0
27,47,19,265,45,9.46,603,43.95,0,0,0,34,4,104,53,24,144,17,4.97,277,51.99,0,0,0,14,2,28,15,10,20,8,4.0,36,55.56,0,0,0,1,0,-,-,-,-,-,-,-,-,-,-,-,-,-
15,22,7,66,16,4.4,162,40.74,0,0,0,3,5,81,35,22,92,18,7.08,166,55.42,0,0,0,11,0,78,24,9,68,15,4.53,89,76.4,0,0,0,3,4,46,8,7,12,8,12.0,22,54.55,0,0,0,0,1
13,22,8,36,8,2.57,157,22.93,0,0,0,4,0,2,-,-,-,-,-,-,-,-,-,-,-,-,3,2,0,3,2,1.5,7,42.86,0,0,0,0,0,-,-,-,-,-,-,-,-,-,-,-,-,-
56,102,4,3538,218,36.1,7886,44.86,8,1,17,405,41,122,117,12,3109,124,29.61,4434,70.12,4,0,18,252,75,26,22,3,405,43,21.32,379,106.86,0,0,0,32,14,1,1,1,6,6,0.0,5,120.0,0,0,0,1,0
103,182,11,7215,333,42.19,11970,60.28,15,3,37,1046,98,301,294,16,10480,215,37.7,12019,87.2,25,1,54,1128,331,79,75,7,1899,117,27.93,1381,137.51,2,0,14,158,124,142,141,16,4965,175,39.72,3333,148.96,6,0,31,405,357
-,-,-,-,-,-,-,-,-,-,-,-,-,57,54,3,1847,176,36.22,2226,82.97,4,0,10,185,52,53,52,2,1465,125,29.3,964,151.97,2,0,10,108,111,27,26,2,654,65,27.25,477,137.11,0,0,4,62,36
16,30,0,838,93,27.93,1138,73.64,0,0,5,85,27,47,44,3,1447,139,35.29,1360,106.4,5,0,4,111,52,50,42,4,797,81,20.97,673,118.42,0,0,4,53,41,46,44,17,831,75,30.78,546,152.2,0,0,3,55,52
-,-,-,-,-,-,-,-,-,-,-,-,-,20,16,3,200,51,15.38,203,98.52,0,0,1,18,8,34,24,8,267,34,16.69,195,136.92,0,0,0,15,21,5,4,2,14,8,7.0,19,73.68,0,0,0,1,0
58,102,16,2601,202,30.24,4635,56.12,3,1,11,310,44,131,107,23,2042,99,24.31,2256,90.51,0,0,11,147,64,49,34,9,385,38,15.4,319,120.69,0,0,0,23,21,38,24,5,247,47,13.0,199,124.12,0,0,0,13,17
1,1,0,2,2,2.0,9,22.22,0,0,0,0,0,56,47,9,1034,92,27.21,794,130.23,0,0,4,94,57,67,57,19,741,51,19.5,475,156.0,0,0,1,42,62,98,82,15,2035,88,30.37,1144,177.88,0,0,10,137,175
3,5,1,181,69,45.25,284,63.73,0,0,3,12,7,44,37,3,559,101,16.44,614,91.04,1,0,1,38,24,41,27,6,310,37,14.76,274,113.14,0,0,0,13,22,16,14,1,181,43,13.92,111,163.06,0,0,0,10,16
38,72,3,1726,147,25.01,4124,41.85,2,0,5,199,6,104,99,10,4308,170,48.4,5768,74.69,13,0,21,360,62,19,17,0,304,55,17.88,251,121.12,0,0,2,32,10,-,-,-,-,-,-,-,-,-,-,-,-,-
-,-,-,-,-,-,-,-,-,-,-,-,-,52,49,6,1555,118,36.16,1618,96.11,1,0,11,122,61,72,64,8,1427,74,25.48,1106,129.02,0,0,9,101,83,47,44,9,912,77,26.06,603,151.24,0,0,4,51,65
2,4,0,11,5,2.75,24,45.83,0,0,0,1,0,38,19,11,88,17,11.0,130,67.69,0,0,0,6,4,42,10,6,18,4,4.5,29,62.07,0,0,0,2,0,6,1,0,0,0,0.0,2,0.0,0,0,0,0,0
56,84,32,221,20,4.25,635,34.8,0,0,0,28,5,25,16,9,24,12,3.43,63,38.1,0,0,0,1,0,2,-,-,-,-,-,-,-,-,-,-,-,-,-,-,-,-,-,-,-,-,-,-,-,-,-
74,118,24,1101,41,11.71,2892,38.07,0,0,0,132,13,95,60,36,308,34,12.83,594,51.85,0,0,0,24,6,11,1,1,3,3,0.0,2,150.0,0,0,0,0,0,2,1,0,10,10,10.0,9,111.11,0,0,0,1,0
-,-,-,-,-,-,-,-,-,-,-,-,-,54,40,14,502,44,19.31,513,97.86,0,0,0,44,12,13,8,6,85,20,42.5,71,119.72,0,0,0,7,3,-,-,-,-,-,-,-,-,-,-,-,-,-
-,-,-,-,-,-,-,-,-,-,-,-,-,20,10,5,13,6,2.6,53,24.53,0,0,0,1,0,20,7,3,9,8,2.25,15,60.0,0,0,0,2,0,4,-,-,-,-,-,-,-,-,-,-,-,-
18,36,2,1208,160,35.53,2455,49.21,3,0,4,139,11,105,101,11,2899,130,32.21,3868,74.95,3,0,18,270,37,56,55,3,1132,68,21.77,1073,105.5,0,0,6,114,26,-,-,-,-,-,-,-,-,-,-,-,-,-
38,76,2,2222,158,30.03,5008,44.37,5,0,8,265,23,209,208,4,5658,178,27.74,7728,73.21,5,0,34,585,86,65,65,2,1600,93,25.4,1376,116.28,0,0,10,148,61,-,-,-,-,-,-,-,-,-,-,-,-,-
17,33,0,1187,127,35.97,2152,55.16,1,0,8,118,17,123,118,18,3656,141,36.56,4340,84.24,6,0,20,300,85,66,63,3,1259,87,20.98,977,128.86,0,0,6,99,47,-,-,-,-,-,-,-,-,-,-,-,-,-
14,27,2,1034,151,41.36,1851,55.86,4,0,3,117,7,147,142,19,4266,129,34.68,5194,82.13,5,0,32,366,44,66,66,6,1429,66,23.82,1137,125.68,0,0,10,136,35,-,-,-,-,-,-,-,-,-,-,-,-,-
2,4,0,78,47,19.5,135,57.78,0,0,0,12,1,47,47,0,955,112,20.32,1191,80.18,1,0,3,93,24,9,8,0,253,94,31.62,196,129.08,0,0,2,23,13,-,-,-,-,-,-,-,-,-,-,-,-,-
7,14,0,254,80,18.14,642,39.56,0,0,2,26,6,14,14,0,186,39,13.29,399,46.62,0,0,0,12,2,3,3,0,21,19,7.0,31,67.74,0,0,0,4,0,-,-,-,-,-,-,-,-,-,-,-,-,-
4,7,0,68,41,9.71,186,36.56,0,0,0,8,0,22,18,1,196,35,11.53,330,59.39,0,0,0,14,6,13,13,4,100,23,11.11,110,90.91,0,0,0,6,4,-,-,-,-,-,-,-,-,-,-,-,-,-
14,27,0,569,88,21.07,1133,50.22,0,0,4,67,6,213,198,26,4340,117,25.23,5423,80.03,2,0,19,343,106,56,55,8,864,54,18.38,621,139.13,0,0,3,56,53,-,-,-,-,-,-,-,-,-,-,-,-,-
22,43,4,1061,101,27.21,2615,40.57,1,0,5,102,8,61,57,3,1188,102,22.0,1751,67.85,1,0,4,93,9,49,49,2,682,48,14.51,557,122.44,0,0,0,59,27,-,-,-,-,-,-,-,-,-,-,-,-,-
34,68,4,2320,171,36.25,4138,56.07,6,0,12,254,22,205,203,15,6684,145,35.55,8722,76.63,11,0,39,599,106,44,44,5,859,60,22.03,747,114.99,0,0,5,87,21,-,-,-,-,-,-,-,-,-,-,-,-,-
8,16,1,533,83,35.53,1185,44.98,0,0,5,54,5,49,45,5,828,58,20.7,1225,67.59,0,0,4,48,30,21,19,4,364,92,24.27,286,127.27,0,0,1,22,24,-,-,-,-,-,-,-,-,-,-,-,-,-
8,14,2,88,22,7.33,177,49.72,0,0,0,14,1,79,53,24,190,23,6.55,407,46.68,0,0,0,16,2,47,11,5,42,8,7.0,57,73.68,0,0,0,2,0,-,-,-,-,-,-,-,-,-,-,-,-,-
15,29,6,508,95,22.09,1573,32.29,0,0,2,68,1,38,29,8,364,55,17.33,549,66.3,0,0,1,30,8,23,16,4,157,28,13.08,158,99.37,0,0,0,9,6,-,-,-,-,-,-,-,-,-,-,-,-,-
15,28,10,105,33,5.83,249,42.17,0,0,0,7,5,84,41,21,57,9,2.85,210,27.14,0,0,0,1,0,32,11,7,35,17,8.75,43,81.4,0,0,0,3,1,-,-,-,-,-,-,-,-,-,-,-,-,-
13,24,10,128,25,9.14,384,33.33,0,0,0,13,1,49,33,10,222,37,9.65,337,65.88,0,0,0,22,3,21,12,5,55,27,7.86,64,85.94,0,0,0,1,4,-,-,-,-,-,-,-,-,-,-,-,-,-
2,4,0,9,6,2.25,31,29.03,0,0,0,0,1,7,5,1,52,20,13.0,47,110.64,0,0,0,5,1,9,7,4,53,28,17.67,36,147.22,0,0,0,3,3,-,-,-,-,-,-,-,-,-,-,-,-,-
-,-,-,-,-,-,-,-,-,-,-,-,-,-,-,-,-,-,-,-,-,-,-,-,-,-,2,2,1,41,22,41.0,30,136.67,0,0,0,4,2,-,-,-,-,-,-,-,-,-,-,-,-,-
-,-,-,-,-,-,-,-,-,-,-,-,-,36,36,0,797,77,22.14,1239,64.33,0,0,5,65,2,31,29,2,494,62,18.3,457,108.1,0,0,1,49,6,-,-,-,-,-,-,-,-,-,-,-,-,-
-,-,-,-,-,-,-,-,-,-,-,-,-,19,18,2,457,76,28.56,585,78.12,0,0,3,48,5,8,7,0,100,31,14.29,122,81.97,0,0,0,4,0,-,-,-,-,-,-,-,-,-,-,-,-,-
-,-,-,-,-,-,-,-,-,-,-,-,-,13,13,1,313,65,26.08,476,65.76,0,0,3,24,4,5,5,0,35,19,7.0,44,79.55,0,0,0,4,0,-,-,-,-,-,-,-,-,-,-,-,-,-
-,-,-,-,-,-,-,-,-,-,-,-,-,48,48,0,958,109,19.96,1251,76.58,1,0,2,90,15,31,30,0,344,45,11.47,347,99.14,0,0,0,27,13,-,-,-,-,-,-,-,-,-,-,-,-,-
-,-,-,-,-,-,-,-,-,-,-,-,-,54,54,1,1603,104,30.25,2317,69.18,1,0,9,132,22,33,33,4,714,93,24.62,606,117.82,0,0,5,68,23,-,-,-,-,-,-,-,-,-,-,-,-,-
-,-,-,-,-,-,-,-,-,-,-,-,-,54,54,1,1603,104,30.25,2317,69.18,1,0,9,132,22,33,33,4,714,93,24.62,606,117.82,0,0,5,68,23,-,-,-,-,-,-,-,-,-,-,-,-,-
-,-,-,-,-,-,-,-,-,-,-,-,-,2,1,1,3,3,0.0,3,100.0,0,0,0,0,0,-,-,-,-,-,-,-,-,-,-,-,-,-,-,-,-,-,-,-,-,-,-,-,-,-,-
-,-,-,-,-,-,-,-,-,-,-,-,-,45,45,2,779,70,18.12,1333,58.44,0,0,2,59,9,30,28,5,586,59,25.48,546,107.33,0,0,1,34,22,-,-,-,-,-,-,-,-,-,-,-,-,-
-,-,-,-,-,-,-,-,-,-,-,-,-,5,2,2,9,5,0.0,8,112.5,0,0,0,2,0,5,1,0,2,2,2.0,2,100.0,0,0,0,0,0,-,-,-,-,-,-,-,-,-,-,-,-,-
-,-,-,-,-,-,-,-,-,-,-,-,-,1,1,0,2,2,2.0,6,33.33,0,0,0,0,0,2,2,2,10,8,0.0,6,166.67,0,0,0,0,1,-,-,-,-,-,-,-,-,-,-,-,-,-
-,-,-,-,-,-,-,-,-,-,-,-,-,10,8,1,63,36,9.0,87,72.41,0,0,0,6,2,5,3,0,15,7,5.0,18,83.33,0,0,0,1,1,-,-,-,-,-,-,-,-,-,-,-,-,-
-,-,-,-,-,-,-,-,-,-,-,-,-,47,43,3,639,57,15.97,846,75.53,0,0,1,31,36,33,28,7,512,71,24.38,370,138.38,0,0,3,25,32,-,-,-,-,-,-,-,-,-,-,-,-,-
-,-,-,-,-,-,-,-,-,-,-,-,-,14,13,2,204,46,18.55,367,55.59,0,0,0,14,1,1,-,-,-,-,-,-,-,-,-,-,-,-,-,-,-,-,-,-,-,-,-,-,-,-,-
34,53,4,1172,100,23.92,2165,54.13,1,0,6,155,12,51,43,8,861,80,24.6,1116,77.15,0,0,4,74,14,2,2,1,33,19,33.0,25,132.0,0,0,0,5,0,-,-,-,-,-,-,-,-,-,-,-,-,-
-,-,-,-,-,-,-,-,-,-,-,-,-,52,52,0,1069,151,20.56,1422,75.18,1,0,3,105,22,29,28,3,804,93,32.16,523,153.73,0,0,7,56,50,-,-,-,-,-,-,-,-,-,-,-,-,-
-,-,-,-,-,-,-,-,-,-,-,-,-,10,10,1,119,38,13.22,146,81.51,0,0,0,7,0,7,6,0,30,13,5.0,35,85.71,0,0,0,2,0,-,-,-,-,-,-,-,-,-,-,-,-,-
-,-,-,-,-,-,-,-,-,-,-,-,-,24,24,4,275,31,13.75,532,51.69,0,0,0,18,0,3,3,0,10,8,3.33,20,50.0,0,0,0,1,0,-,-,-,-,-,-,-,-,-,-,-,-,-
-,-,-,-,-,-,-,-,-,-,-,-,-,-,-,-,-,-,-,-,-,-,-,-,-,-,3,1,1,2,2,0.0,3,66.67,0,0,0,0,0,-,-,-,-,-,-,-,-,-,-,-,-,-
-,-,-,-,-,-,-,-,-,-,-,-,-,21,15,6,63,11,7.0,159,39.62,0,0,0,3,1,17,9,5,33,9,8.25,44,75.0,0,0,0,0,1,-,-,-,-,-,-,-,-,-,-,-,-,-
-,-,-,-,-,-,-,-,-,-,-,-,-,44,42,11,626,46,20.19,1081,57.91,0,0,0,28,7,14,9,5,65,16,16.25,79,82.28,0,0,0,3,2,-,-,-,-,-,-,-,-,-,-,-,-,-
-,-,-,-,-,-,-,-,-,-,-,-,-,37,36,1,1098,118,31.37,1411,77.82,3,0,6,118,20,46,46,6,1056,73,26.4,899,117.46,0,0,5,107,21,-,-,-,-,-,-,-,-,-,-,-,-,-
-,-,-,-,-,-,-,-,-,-,-,-,-,-,-,-,-,-,-,-,-,-,-,-,-,-,3,3,0,9,9,3.0,14,64.29,0,0,0,2,0,-,-,-,-,-,-,-,-,-,-,-,-,-
-,-,-,-,-,-,-,-,-,-,-,-,-,-,-,-,-,-,-,-,-,-,-,-,-,-,2,1,0,14,14,14.0,14,100.0,0,0,0,1,0,-,-,-,-,-,-,-,-,-,-,-,-,-
-,-,-,-,-,-,-,-,-,-,-,-,-,-,-,-,-,-,-,-,-,-,-,-,-,-,5,5,1,60,33,15.0,63,95.24,0,0,0,7,0,-,-,-,-,-,-,-,-,-,-,-,-,-
-,-,-,-,-,-,-,-,-,-,-,-,-,35,34,4,981,109,32.7,1397,70.22,2,0,5,77,20,47,39,7,960,102,30.0,796,120.6,1,0,4,101,33,-,-,-,-,-,-,-,-,-,-,-,-,-
-,-,-,-,-,-,-,-,-,-,-,-,-,-,-,-,-,-,-,-,-,-,-,-,-,-,9,8,3,97,32,19.4,65,149.23,0,0,0,11,2,-,-,-,-,-,-,-,-,-,-,-,-,-
-,-,-,-,-,-,-,-,-,-,-,-,-,34,29,6,626,79,27.22,1058,59.17,0,0,4,56,6,40,35,3,626,72,19.56,635,98.58,0,0,2,67,15,-,-,-,-,-,-,-,-,-,-,-,-,-
-,-,-,-,-,-,-,-,-,-,-,-,-,-,-,-,-,-,-,-,-,-,-,-,-,-,18,13,2,118,29,10.73,106,111.32,0,0,0,7,5,-,-,-,-,-,-,-,-,-,-,-,-,-
-,-,-,-,-,-,-,-,-,-,-,-,-,2,2,0,18,12,9.0,47,38.3,0,0,0,1,0,16,10,2,101,20,12.62,82,123.17,0,0,0,9,4,-,-,-,-,-,-,-,-,-,-,-,-,-
-,-,-,-,-,-,-,-,-,-,-,-,-,1,1,0,4,4,4.0,16,25.0,0,0,0,0,0,5,2,1,19,13,19.0,41,46.34,0,0,0,2,0,-,-,-,-,-,-,-,-,-,-,-,-,-
-,-,-,-,-,-,-,-,-,-,-,-,-,-,-,-,-,-,-,-,-,-,-,-,-,-,2,2,2,5,5,0.0,8,62.5,0,0,0,0,0,-,-,-,-,-,-,-,-,-,-,-,-,-
-,-,-,-,-,-,-,-,-,-,-,-,-,-,-,-,-,-,-,-,-,-,-,-,-,-,10,4,4,5,3,0.0,10,50.0,0,0,0,0,0,-,-,-,-,-,-,-,-,-,-,-,-,-
-,-,-,-,-,-,-,-,-,-,-,-,-,25,21,8,439,69,33.77,727,60.39,0,0,3,26,6,37,24,5,346,77,18.21,317,109.15,0,0,1,16,13,-,-,-,-,-,-,-,-,-,-,-,-,-
-,-,-,-,-,-,-,-,-,-,-,-,-,13,13,0,175,49,13.46,301,58.14,0,0,0,26,2,2,-,-,-,-,-,-,-,-,-,-,-,-,-,-,-,-,-,-,-,-,-,-,-,-,-
-,-,-,-,-,-,-,-,-,-,-,-,-,5,5,0,27,9,5.4,59,45.76,0,0,0,2,0,3,3,0,32,23,10.67,37,86.49,0,0,0,3,0,-,-,-,-,-,-,-,-,-,-,-,-,-
-,-,-,-,-,-,-,-,-,-,-,-,-,19,19,0,455,72,23.95,679,67.01,0,0,6,40,11,8,8,0,202,65,25.25,188,107.45,0,0,1,23,4,-,-,-,-,-,-,-,-,-,-,-,-,-
-,-,-,-,-,-,-,-,-,-,-,-,-,24,22,4,421,70,23.39,725,58.07,0,0,2,27,8,8,8,2,82,30,13.67,85,96.47,0,0,0,4,3,-,-,-,-,-,-,-,-,-,-,-,-,-
19,37,0,969,106,26.19,2341,41.39,1,0,7,123,1,55,54,1,1201,100,22.66,1783,67.36,1,0,6,118,7,7,7,0,160,71,22.86,108,148.15,0,0,1,16,7,-,-,-,-,-,-,-,-,-,-,-,-,-
-,-,-,-,-,-,-,-,-,-,-,-,-,16,15,1,217,38,15.5,397,54.66,0,0,0,18,0,12,12,1,342,83,31.09,258,132.56,0,0,3,27,9,-,-,-,-,-,-,-,-,-,-,-,-,-
-,-,-,-,-,-,-,-,-,-,-,-,-,23,23,1,468,62,21.27,584,80.14,0,0,2,56,8,11,11,1,220,88,22.0,218,100.92,0,0,1,19,2,-,-,-,-,-,-,-,-,-,-,-,-,-
-,-,-,-,-,-,-,-,-,-,-,-,-,33,32,1,764,94,24.65,685,111.53,0,0,6,92,35,18,18,0,263,68,14.61,246,106.91,0,0,1,25,15,-,-,-,-,-,-,-,-,-,-,-,-,-
-,-,-,-,-,-,-,-,-,-,-,-,-,4,4,0,14,6,3.5,20,70.0,0,0,0,1,0,-,-,-,-,-,-,-,-,-,-,-,-,-,-,-,-,-,-,-,-,-,-,-,-,-,-
-,-,-,-,-,-,-,-,-,-,-,-,-,23,21,3,323,49,17.94,642,50.31,0,0,0,30,0,4,3,0,10,6,3.33,33,30.3,0,0,0,0,0,-,-,-,-,-,-,-,-,-,-,-,-,-
-,-,-,-,-,-,-,-,-,-,-,-,-,11,11,1,189,50,18.9,284,66.55,0,0,1,19,1,7,3,2,53,21,53.0,41,129.27,0,0,0,6,0,-,-,-,-,-,-,-,-,-,-,-,-,-
-,-,-,-,-,-,-,-,-,-,-,-,-,32,22,7,220,33,14.67,339,64.9,0,0,0,13,0,17,11,2,54,21,6.0,52,103.85,0,0,0,4,1,-,-,-,-,-,-,-,-,-,-,-,-,-
-,-,-,-,-,-,-,-,-,-,-,-,-,4,3,0,95,40,31.67,138,68.84,0,0,0,11,2,1,-,-,-,-,-,-,-,-,-,-,-,-,-,-,-,-,-,-,-,-,-,-,-,-,-
-,-,-,-,-,-,-,-,-,-,-,-,-,6,5,0,225,88,45.0,262,85.88,0,0,3,30,0,5,4,0,25,10,6.25,29,86.21,0,0,0,3,0,-,-,-,-,-,-,-,-,-,-,-,-,-
-,-,-,-,-,-,-,-,-,-,-,-,-,62,60,8,1964,137,37.77,2994,65.6,2,0,16,182,8,9,9,2,284,67,40.57,249,114.06,0,0,2,27,0,-,-,-,-,-,-,-,-,-,-,-,-,-
-,-,-,-,-,-,-,-,-,-,-,-,-,1,1,1,3,3,0.0,4,75.0,0,0,0,0,0,4,4,1,25,11,8.33,37,67.57,0,0,0,1,0,-,-,-,-,-,-,-,-,-,-,-,-,-
-,-,-,-,-,-,-,-,-,-,-,-,-,8,7,0,116,71,16.57,157,73.89,0,0,1,15,2,14,12,3,105,33,11.67,85,123.53,0,0,0,3,7,-,-,-,-,-,-,-,-,-,-,-,-,-
-,-,-,-,-,-,-,-,-,-,-,-,-,1,1,0,0,0,0.0,3,0.0,0,0,0,0,0,-,-,-,-,-,-,-,-,-,-,-,-,-,-,-,-,-,-,-,-,-,-,-,-,-,-
-,-,-,-,-,-,-,-,-,-,-,-,-,2,2,0,49,42,24.5,110,44.55,0,0,0,3,1,-,-,-,-,-,-,-,-,-,-,-,-,-,-,-,-,-,-,-,-,-,-,-,-,-,-
-,-,-,-,-,-,-,-,-,-,-,-,-,-,-,-,-,-,-,-,-,-,-,-,-,-,3,1,0,0,0,0.0,2,0.0,0,0,0,0,0,-,-,-,-,-,-,-,-,-,-,-,-,-
-,-,-,-,-,-,-,-,-,-,-,-,-,-,-,-,-,-,-,-,-,-,-,-,-,-,2,2,0,8,7,4.0,10,80.0,0,0,0,0,0,-,-,-,-,-,-,-,-,-,-,-,-,-
-,-,-,-,-,-,-,-,-,-,-,-,-,6,4,2,3,3,1.5,16,18.75,0,0,0,0,0,1,-,-,-,-,-,-,-,-,-,-,-,-,-,-,-,-,-,-,-,-,-,-,-,-,-
-,-,-,-,-,-,-,-,-,-,-,-,-,1,-,-,-,-,-,-,-,-,-,-,-,-,12,3,2,30,17,30.0,23,130.43,0,0,0,2,1,-,-,-,-,-,-,-,-,-,-,-,-,-
-,-,-,-,-,-,-,-,-,-,-,-,-,5,4,2,7,4,3.5,28,25.0,0,0,0,0,0,8,2,2,3,2,0.0,6,50.0,0,0,0,0,0,-,-,-,-,-,-,-,-,-,-,-,-,-
-,-,-,-,-,-,-,-,-,-,-,-,-,2,1,0,2,2,2.0,2,100.0,0,0,0,0,0,-,-,-,-,-,-,-,-,-,-,-,-,-,-,-,-,-,-,-,-,-,-,-,-,-,-
-,-,-,-,-,-,-,-,-,-,-,-,-,25,19,6,165,35,12.69,285,57.89,0,0,0,9,4,4,4,2,18,8,9.0,14,128.57,0,0,0,1,1,-,-,-,-,-,-,-,-,-,-,-,-,-
-,-,-,-,-,-,-,-,-,-,-,-,-,42,28,13,64,21,4.27,130,49.23,0,0,0,5,0,11,6,2,31,17,7.75,34,91.18,0,0,0,1,2,-,-,-,-,-,-,-,-,-,-,-,-,-
-,-,-,-,-,-,-,-,-,-,-,-,-,1,1,0,2,2,2.0,9,22.22,0,0,0,0,0,5,5,0,151,73,30.2,97,155.67,0,0,1,17,5,-,-,-,-,-,-,-,-,-,-,-,-,-
-,-,-,-,-,-,-,-,-,-,-,-,-,32,32,2,799,111,26.63,767,104.17,1,0,5,93,20,5,5,0,44,19,8.8,40,110.0,0,0,0,2,3,-,-,-,-,-,-,-,-,-,-,-,-,-
-,-,-,-,-,-,-,-,-,-,-,-,-,2,2,1,9,7,9.0,31,29.03,0,0,0,1,0,3,2,2,3,2,0.0,8,37.5,0,0,0,0,0,-,-,-,-,-,-,-,-,-,-,-,-,-
-,-,-,-,-,-,-,-,-,-,-,-,-,22,22,2,785,89,39.25,1005,78.11,0,0,8,70,26,34,34,6,799,122,28.54,633,126.22,1,0,4,58,38,-,-,-,-,-,-,-,-,-,-,-,-,-
-,-,-,-,-,-,-,-,-,-,-,-,-,8,5,1,67,35,16.75,137,48.91,0,0,0,3,0,16,14,4,164,60,16.4,189,86.77,0,0,1,6,5,-,-,-,-,-,-,-,-,-,-,-,-,-
-,-,-,-,-,-,-,-,-,-,-,-,-,10,10,0,140,34,14.0,238,58.82,0,0,0,12,2,45,41,8,669,79,20.27,625,107.04,0,0,3,53,15,-,-,-,-,-,-,-,-,-,-,-,-,-
-,-,-,-,-,-,-,-,-,-,-,-,-,19,15,2,260,44,20.0,367,70.84,0,0,0,16,8,49,42,8,429,44,12.62,413,103.87,0,0,0,32,6,-,-,-,-,-,-,-,-,-,-,-,-,-
-,-,-,-,-,-,-,-,-,-,-,-,-,20,20,0,675,94,33.75,814,82.92,0,0,3,72,16,53,51,0,996,81,19.53,825,120.73,0,0,5,95,28,-,-,-,-,-,-,-,-,-,-,-,-,-
-,-,-,-,-,-,-,-,-,-,-,-,-,20,19,3,292,73,18.25,255,114.51,0,0,1,18,18,21,18,2,219,56,13.69,173,126.59,0,0,1,9,15,-,-,-,-,-,-,-,-,-,-,-,-,-
-,-,-,-,-,-,-,-,-,-,-,-,-,18,18,2,827,143,51.69,1079,76.65,1,0,7,71,9,20,19,2,321,44,18.88,344,93.31,0,0,0,31,2,-,-,-,-,-,-,-,-,-,-,-,-,-
-,-,-,-,-,-,-,-,-,-,-,-,-,9,9,0,251,60,27.89,399,62.91,0,0,1,24,6,17,16,2,309,53,22.07,277,111.55,0,0,2,31,9,-,-,-,-,-,-,-,-,-,-,-,-,-
-,-,-,-,-,-,-,-,-,-,-,-,-,11,9,0,114,43,12.67,186,61.29,0,0,0,16,0,10,5,1,55,17,13.75,63,87.3,0,0,0,3,0,-,-,-,-,-,-,-,-,-,-,-,-,-
-,-,-,-,-,-,-,-,-,-,-,-,-,10,7,0,81,45,11.57,163,49.69,0,0,0,6,3,22,20,5,300,50,20.0,276,108.7,0,0,1,21,9,-,-,-,-,-,-,-,-,-,-,-,-,-
-,-,-,-,-,-,-,-,-,-,-,-,-,15,12,3,102,27,11.33,228,44.74,0,0,0,8,0,33,21,10,197,42,17.91,174,113.22,0,0,0,11,10,-,-,-,-,-,-,-,-,-,-,-,-,-
-,-,-,-,-,-,-,-,-,-,-,-,-,25,16,4,67,14,5.58,151,44.37,0,0,0,5,0,24,9,4,34,10,6.8,55,61.82,0,0,0,2,0,-,-,-,-,-,-,-,-,-,-,-,-,-
-,-,-,-,-,-,-,-,-,-,-,-,-,6,4,4,4,2,0.0,11,36.36,0,0,0,0,0,5,2,1,7,7,7.0,11,63.64,0,0,0,1,0,-,-,-,-,-,-,-,-,-,-,-,-,-
-,-,-,-,-,-,-,-,-,-,-,-,-,2,2,0,5,4,2.5,11,45.45,0,0,0,1,0,-,-,-,-,-,-,-,-,-,-,-,-,-,-,-,-,-,-,-,-,-,-,-,-,-,-
-,-,-,-,-,-,-,-,-,-,-,-,-,2,2,0,34,26,17.0,75,45.33,0,0,0,3,0,-,-,-,-,-,-,-,-,-,-,-,-,-,-,-,-,-,-,-,-,-,-,-,-,-,-
-,-,-,-,-,-,-,-,-,-,-,-,-,1,1,0,0,0,0.0,2,0.0,0,0,0,0,0,-,-,-,-,-,-,-,-,-,-,-,-,-,-,-,-,-,-,-,-,-,-,-,-,-,-
-,-,-,-,-,-,-,-,-,-,-,-,-,1,1,0,16,16,16.0,38,42.11,0,0,0,1,0,-,-,-,-,-,-,-,-,-,-,-,-,-,-,-,-,-,-,-,-,-,-,-,-,-,-
-,-,-,-,-,-,-,-,-,-,-,-,-,2,2,1,9,9,9.0,20,45.0,0,0,0,0,0,-,-,-,-,-,-,-,-,-,-,-,-,-,-,-,-,-,-,-,-,-,-,-,-,-,-
-,-,-,-,-,-,-,-,-,-,-,-,-,2,2,0,20,20,10.0,19,105.26,0,0,0,3,0,-,-,-,-,-,-,-,-,-,-,-,-,-,-,-,-,-,-,-,-,-,-,-,-,-,-
5,9,0,284,104,31.56,706,40.23,1,0,1,34,2,12,12,0,407,119,33.92,540,75.37,1,0,2,45,7,-,-,-,-,-,-,-,-,-,-,-,-,-,-,-,-,-,-,-,-,-,-,-,-,-,-
-,-,-,-,-,-,-,-,-,-,-,-,-,2,2,0,23,23,11.5,44,52.27,0,0,0,3,0,-,-,-,-,-,-,-,-,-,-,-,-,-,-,-,-,-,-,-,-,-,-,-,-,-,-
-,-,-,-,-,-,-,-,-,-,-,-,-,1,1,1,2,2,0.0,19,10.53,0,0,0,0,0,-,-,-,-,-,-,-,-,-,-,-,-,-,-,-,-,-,-,-,-,-,-,-,-,-,-
-,-,-,-,-,-,-,-,-,-,-,-,-,2,2,0,9,8,4.5,57,15.79,0,0,0,2,0,-,-,-,-,-,-,-,-,-,-,-,-,-,-,-,-,-,-,-,-,-,-,-,-,-,-
-,-,-,-,-,-,-,-,-,-,-,-,-,2,2,0,8,6,4.0,17,47.06,0,0,0,1,0,-,-,-,-,-,-,-,-,-,-,-,-,-,-,-,-,-,-,-,-,-,-,-,-,-,-
-,-,-,-,-,-,-,-,-,-,-,-,-,2,2,0,1,1,0.5,7,14.29,0,0,0,0,0,-,-,-,-,-,-,-,-,-,-,-,-,-,-,-,-,-,-,-,-,-,-,-,-,-,-
-,-,-,-,-,-,-,-,-,-,-,-,-,2,2,0,4,4,2.0,11,36.36,0,0,0,1,0,-,-,-,-,-,-,-,-,-,-,-,-,-,-,-,-,-,-,-,-,-,-,-,-,-,-
-,-,-,-,-,-,-,-,-,-,-,-,-,29,28,2,1242,101,47.77,1720,72.21,1,0,11,106,8,31,31,4,652,81,24.15,498,130.92,0,0,3,62,22,-,-,-,-,-,-,-,-,-,-,-,-,-
-,-,-,-,-,-,-,-,-,-,-,-,-,34,32,3,480,97,16.55,774,62.02,0,0,1,46,2,14,11,3,158,49,19.75,148,106.76,0,0,0,16,1,-,-,-,-,-,-,-,-,-,-,-,-,-
-,-,-,-,-,-,-,-,-,-,-,-,-,1,1,0,6,6,6.0,7,85.71,0,0,0,1,0,-,-,-,-,-,-,-,-,-,-,-,-,-,-,-,-,-,-,-,-,-,-,-,-,-,-
-,-,-,-,-,-,-,-,-,-,-,-,-,5,4,1,68,32,22.67,116,58.62,0,0,0,5,2,8,5,3,51,21,25.5,47,108.51,0,0,0,3,1,-,-,-,-,-,-,-,-,-,-,-,-,-
-,-,-,-,-,-,-,-,-,-,-,-,-,39,36,3,924,92,28.0,1263,73.16,0,0,4,95,10,9,9,0,231,56,25.67,219,105.48,0,0,1,19,3,-,-,-,-,-,-,-,-,-,-,-,-,-
-,-,-,-,-,-,-,-,-,-,-,-,-,1,1,0,5,5,5.0,20,25.0,0,0,0,0,0,-,-,-,-,-,-,-,-,-,-,-,-,-,-,-,-,-,-,-,-,-,-,-,-,-,-
-,-,-,-,-,-,-,-,-,-,-,-,-,22,22,2,527,74,26.35,662,79.61,0,0,4,65,12,43,43,2,896,71,21.85,782,114.58,0,0,5,97,28,-,-,-,-,-,-,-,-,-,-,-,-,-
-,-,-,-,-,-,-,-,-,-,-,-,-,-,-,-,-,-,-,-,-,-,-,-,-,-,11,8,1,68,18,9.71,68,100.0,0,0,0,5,0,-,-,-,-,-,-,-,-,-,-,-,-,-
-,-,-,-,-,-,-,-,-,-,-,-,-,12,11,1,197,52,19.7,273,72.16,0,0,1,19,5,25,24,2,599,89,27.23,521,114.97,0,0,4,50,16,-,-,-,-,-,-,-,-,-,-,-,-,-
-,-,-,-,-,-,-,-,-,-,-,-,-,58,50,5,1004,96,22.31,1175,85.45,0,0,5,84,19,41,37,5,632,57,19.75,516,122.48,0,0,1,60,18,-,-,-,-,-,-,-,-,-,-,-,-,-
-,-,-,-,-,-,-,-,-,-,-,-,-,20,20,2,655,89,36.39,930,70.43,0,0,7,60,5,58,57,4,1589,133,29.98,1301,122.14,1,0,11,166,37,-,-,-,-,-,-,-,-,-,-,-,-,-
-,-,-,-,-,-,-,-,-,-,-,-,-,1,1,0,4,4,4.0,22,18.18,0,0,0,0,0,-,-,-,-,-,-,-,-,-,-,-,-,-,-,-,-,-,-,-,-,-,-,-,-,-,-
-,-,-,-,-,-,-,-,-,-,-,-,-,37,31,1,633,80,21.1,953,66.42,0,0,3,57,15,14,12,4,90,24,11.25,104,86.54,0,0,0,2,3,-,-,-,-,-,-,-,-,-,-,-,-,-
-,-,-,-,-,-,-,-,-,-,-,-,-,13,11,1,187,74,18.7,207,90.34,0,0,1,23,4,57,55,11,1239,91,28.16,993,124.77,0,0,9,118,38,-,-,-,-,-,-,-,-,-,-,-,-,-
-,-,-,-,-,-,-,-,-,-,-,-,-,5,5,0,27,22,5.4,85,31.76,0,0,0,0,0,-,-,-,-,-,-,-,-,-,-,-,-,-,-,-,-,-,-,-,-,-,-,-,-,-,-
-,-,-,-,-,-,-,-,-,-,-,-,-,9,7,1,180,67,30.0,254,70.87,0,0,2,12,4,19,11,4,216,42,30.86,192,112.5,0,0,0,15,3,-,-,-,-,-,-,-,-,-,-,-,-,-
-,-,-,-,-,-,-,-,-,-,-,-,-,57,39,10,347,43,11.97,593,58.52,0,0,0,26,5,75,46,12,591,96,17.38,532,111.09,0,0,1,43,12,-,-,-,-,-,-,-,-,-,-,-,-,-
-,-,-,-,-,-,-,-,-,-,-,-,-,8,4,0,54,49,13.5,67,80.6,0,0,0,1,4,40,12,4,109,40,13.62,82,132.93,0,0,0,4,6,-,-,-,-,-,-,-,-,-,-,-,-,-
-,-,-,-,-,-,-,-,-,-,-,-,-,16,8,3,96,57,19.2,95,101.05,0,0,1,8,3,51,36,14,465,75,21.14,365,127.4,0,0,2,37,13,21,15,4,159,35,14.45,141,112.77,0,0,0,11,8
-,-,-,-,-,-,-,-,-,-,-,-,-,-,-,-,-,-,-,-,-,-,-,-,-,-,2,2,0,38,25,19.0,50,76.0,0,0,0,2,0,-,-,-,-,-,-,-,-,-,-,-,-,-
-,-,-,-,-,-,-,-,-,-,-,-,-,34,33,5,933,137,33.32,1240,75.24,1,0,6,92,16,40,40,6,785,75,23.09,682,115.1,0,0,4,68,21,-,-,-,-,-,-,-,-,-,-,-,-,-
-,-,-,-,-,-,-,-,-,-,-,-,-,3,3,0,72,41,24.0,66,109.09,0,0,0,11,2,31,31,0,496,78,16.0,339,146.31,0,0,3,68,17,-,-,-,-,-,-,-,-,-,-,-,-,-
-,-,-,-,-,-,-,-,-,-,-,-,-,12,5,5,14,10,0.0,24,58.33,0,0,0,1,0,29,8,5,28,11,9.33,30,93.33,0,0,0,1,1,-,-,-,-,-,-,-,-,-,-,-,-,-
-,-,-,-,-,-,-,-,-,-,-,-,-,46,34,4,516,71,17.2,672,76.79,0,0,2,38,19,36,25,8,147,28,8.65,144,102.08,0,0,0,8,4,-,-,-,-,-,-,-,-,-,-,-,-,-
-,-,-,-,-,-,-,-,-,-,-,-,-,16,7,3,11,9,2.75,30,36.67,0,0,0,0,1,9,3,1,5,4,2.5,14,35.71,0,0,0,0,0,-,-,-,-,-,-,-,-,-,-,-,-,-
-,-,-,-,-,-,-,-,-,-,-,-,-,17,17,3,262,32,18.71,341,76.83,0,0,0,17,7,22,13,5,58,19,7.25,76,76.32,0,0,0,0,1,-,-,-,-,-,-,-,-,-,-,-,-,-
-,-,-,-,-,-,-,-,-,-,-,-,-,8,6,4,38,15,19.0,56,67.86,0,0,0,1,0,56,17,3,99,24,7.07,83,119.28,0,0,0,7,5,-,-,-,-,-,-,-,-,-,-,-,-,-
-,-,-,-,-,-,-,-,-,-,-,-,-,-,-,-,-,-,-,-,-,-,-,-,-,-,2,-,-,-,-,-,-,-,-,-,-,-,-,-,-,-,-,-,-,-,-,-,-,-,-,-
-,-,-,-,-,-,-,-,-,-,-,-,-,30,22,6,161,41,10.06,218,73.85,0,0,0,18,5,7,3,1,7,5,3.5,16,43.75,0,0,0,0,0,-,-,-,-,-,-,-,-,-,-,-,-,-
-,-,-,-,-,-,-,-,-,-,-,-,-,3,2,1,19,19,19.0,36,52.78,0,0,0,2,0,-,-,-,-,-,-,-,-,-,-,-,-,-,-,-,-,-,-,-,-,-,-,-,-,-,-
6,10,0,440,164,44.0,771,57.07,1,0,3,37,11,114,108,9,2424,101,24.48,3631,66.76,1,0,12,163,65,75,68,5,1382,62,21.94,1247,110.83,0,0,4,87,69,-,-,-,-,-,-,-,-,-,-,-,-,-
5,10,4,353,200,58.83,803,43.96,1,1,1,43,1,53,53,7,1505,97,32.72,2295,65.58,0,0,13,128,9,6,4,2,48,36,24.0,55,87.27,0,0,0,5,0,-,-,-,-,-,-,-,-,-,-,-,-,-
-,-,-,-,-,-,-,-,-,-,-,-,-,16,16,0,361,67,22.56,409,88.26,0,0,2,38,17,34,34,3,968,162,31.23,708,136.72,1,0,3,94,56,-,-,-,-,-,-,-,-,-,-,-,-,-
-,-,-,-,-,-,-,-,-,-,-,-,-,82,75,12,1974,104,31.33,2187,90.26,1,0,15,170,66,86,76,25,1590,73,31.18,1120,141.96,0,0,8,101,88,-,-,-,-,-,-,-,-,-,-,-,-,-
-,-,-,-,-,-,-,-,-,-,-,-,-,51,50,0,1216,114,24.32,1924,63.2,1,0,7,132,4,19,19,0,495,63,26.05,492,100.61,0,0,3,43,6,-,-,-,-,-,-,-,-,-,-,-,-,-
6,12,0,385,102,32.08,696,55.32,1,0,3,53,3,88,84,3,3084,114,38.07,4373,70.52,5,0,22,265,35,-,-,-,-,-,-,-,-,-,-,-,-,-,-,-,-,-,-,-,-,-,-,-,-,-,-
-,-,-,-,-,-,-,-,-,-,-,-,-,84,74,12,1811,96,29.21,2765,65.5,0,0,11,137,26,64,55,9,1004,61,21.83,848,118.4,0,0,2,76,37,-,-,-,-,-,-,-,-,-,-,-,-,-
-,-,-,-,-,-,-,-,-,-,-,-,-,75,64,8,1150,82,20.54,1572,73.16,0,0,5,90,28,54,44,13,610,56,19.68,493,123.73,0,0,1,45,27,-,-,-,-,-,-,-,-,-,-,-,-,-
3,6,0,33,24,5.5,68,48.53,0,0,0,4,1,136,121,12,2956,116,27.12,3472,85.14,1,0,15,185,92,103,95,16,1664,89,21.06,1191,139.71,0,0,4,111,89,17,14,2,180,31,15.0,119,151.26,0,0,0,16,9
5,7,0,106,51,15.14,133,79.7,0,0,1,11,4,86,68,12,1134,60,20.25,1077,105.29,0,0,5,96,40,74,41,18,328,48,14.26,257,127.63,0,0,0,20,20,92,43,15,313,40,11.18,206,151.94,0,0,0,20,22
2,4,0,69,40,17.25,133,51.88,0,0,0,12,1,84,84,3,2727,131,33.67,3081,88.51,6,0,14,323,55,69,69,3,1961,118,29.71,1464,133.95,1,0,11,217,75,-,-,-,-,-,-,-,-,-,-,-,-,-
-,-,-,-,-,-,-,-,-,-,-,-,-,27,17,10,80,16,11.43,107,74.77,0,0,0,9,3,12,5,3,2,1,1.0,9,22.22,0,0,0,0,0,-,-,-,-,-,-,-,-,-,-,-,-,-
-,-,-,-,-,-,-,-,-,-,-,-,-,82,56,26,513,47,17.1,664,77.26,0,0,0,40,21,33,17,8,68,13,7.56,42,161.9,0,0,0,4,6,-,-,-,-,-,-,-,-,-,-,-,-,-
-,-,-,-,-,-,-,-,-,-,-,-,-,38,22,6,107,17,6.69,195,54.87,0,0,0,10,3,25,9,6,50,22,16.67,46,108.7,0,0,0,3,2,-,-,-,-,-,-,-,-,-,-,-,-,-
1,2,0,18,15,9.0,17,105.88,0,0,0,2,1,55,27,13,97,18,6.93,128,75.78,0,0,0,10,2,36,9,5,32,18,8.0,31,103.23,0,0,0,4,1,19,7,4,12,10,4.0,15,80.0,0,0,0,2,0
3,6,0,192,94,32.0,359,53.48,0,0,2,20,1,62,62,4,2628,210,45.31,2807,93.62,7,1,14,300,48,72,66,3,1369,91,21.73,1061,129.03,0,0,8,139,45,-,-,-,-,-,-,-,-,-,-,-,-,-
18,33,3,1142,157,38.07,2462,46.39,3,0,4,126,9,54,54,6,2528,151,52.67,3052,82.83,9,0,14,198,24,2,2,0,21,14,10.5,25,84.0,0,0,0,2,0,-,-,-,-,-,-,-,-,-,-,-,-,-
44,77,9,3262,196,47.97,6001,54.36,8,0,23,379,19,92,90,12,4664,158,59.79,5197,89.74,17,0,22,423,46,99,94,13,3355,122,41.42,2625,127.81,2,0,30,355,50,-,-,-,-,-,-,-,-,-,-,-,-,-
-,-,-,-,-,-,-,-,-,-,-,-,-,21,16,1,382,52,25.47,314,121.66,0,0,3,22,21,55,49,13,544,41,15.11,406,133.99,0,0,0,26,34,-,-,-,-,-,-,-,-,-,-,-,-,-
16,27,1,847,147,32.58,1936,43.75,2,0,3,74,13,42,41,5,1685,130,46.81,1976,85.27,2,0,14,135,26,14,13,2,210,52,19.09,204,102.94,0,0,2,16,3,-,-,-,-,-,-,-,-,-,-,-,-,-
55,105,8,3652,224,37.65,6520,56.01,10,1,12,455,28,218,216,15,6614,140,32.91,8634,76.6,11,0,38,664,110,119,108,13,2514,99,26.46,2060,122.04,0,0,14,251,76,8,8,1,64,16,9.14,83,77.11,0,0,0,7,2
35,60,6,1898,245,35.15,4155,45.68,3,1,8,239,17,287,258,40,7534,143,34.56,9199,81.9,9,0,44,603,113,124,111,33,2435,75,31.22,1938,125.64,0,0,9,196,69,7,5,1,52,24,13.0,47,110.64,0,0,0,5,0
6,11,2,300,56,33.33,479,62.63,0,0,3,38,0,53,31,10,596,86,28.38,745,80.0,0,0,4,35,12,84,38,13,476,52,19.04,331,143.81,0,0,1,28,28,-,-,-,-,-,-,-,-,-,-,-,-,-
-,-,-,-,-,-,-,-,-,-,-,-,-,55,40,17,986,63,42.87,894,110.29,0,0,5,91,19,58,37,11,339,47,13.04,236,143.64,0,0,0,35,8,-,-,-,-,-,-,-,-,-,-,-,-,-
49,86,13,2657,112,36.4,3743,70.99,3,0,18,268,8,117,91,22,2315,105,33.55,2635,87.86,2,0,11,174,12,61,42,12,818,89,27.27,653,125.27,0,0,3,79,15,-,-,-,-,-,-,-,-,-,-,-,-,-
27,41,5,306,39,8.5,727,42.09,0,0,0,32,5,91,66,15,740,54,14.51,849,87.16,0,0,3,55,30,36,18,6,154,30,12.83,123,125.2,0,0,0,10,7,-,-,-,-,-,-,-,-,-,-,-,-,-
25,32,8,145,19,6.04,382,37.96,0,0,0,20,2,32,16,10,102,19,17.0,149,68.46,0,0,0,9,2,47,8,4,41,16,10.25,32,128.12,0,0,0,3,2,-,-,-,-,-,-,-,-,-,-,-,-,-
21,32,5,366,30,13.56,485,75.46,0,0,0,32,20,60,35,11,363,59,15.12,299,121.4,0,0,2,24,24,50,19,10,129,23,14.33,69,186.96,0,0,0,7,11,-,-,-,-,-,-,-,-,-,-,-,-,-
-,-,-,-,-,-,-,-,-,-,-,-,-,8,4,2,43,28,21.5,26,165.38,0,0,0,7,1,27,12,11,24,8,24.0,26,92.31,0,0,0,2,1,-,-,-,-,-,-,-,-,-,-,-,-,-
36,67,11,751,48,13.41,1980,37.93,0,0,0,91,3,61,30,10,363,73,18.15,444,81.76,0,0,2,32,8,50,14,6,59,21,7.38,72,81.94,0,0,0,2,3,-,-,-,-,-,-,-,-,-,-,-,-,-
44,85,6,2088,155,26.43,5294,39.44,3,0,10,207,3,127,105,14,3164,139,34.77,4389,72.09,4,0,21,244,25,26,20,2,291,44,16.17,267,108.99,0,0,0,27,5,-,-,-,-,-,-,-,-,-,-,-,-,-
82,158,6,6023,244,39.62,12032,50.06,14,1,31,628,9,34,30,2,767,97,27.39,1031,74.39,0,0,6,71,1,-,-,-,-,-,-,-,-,-,-,-,-,-,-,-,-,-,-,-,-,-,-,-,-,-,-
-,-,-,-,-,-,-,-,-,-,-,-,-,26,26,0,964,127,37.08,1044,92.34,3,0,5,95,16,32,30,2,336,37,12.0,355,94.65,0,0,0,26,7,-,-,-,-,-,-,-,-,-,-,-,-,-
100,178,24,6953,200,45.15,14416,48.23,13,1,38,716,75,218,188,48,5835,139,41.68,7003,83.32,3,0,40,461,89,78,63,18,1148,81,25.51,975,117.74,0,0,5,73,38,49,42,11,724,65,23.35,575,125.91,0,0,1,44,29
45,81,4,2815,173,36.56,4972,56.62,9,0,10,337,20,63,59,8,1346,91,26.39,1737,77.49,0,0,8,135,9,33,32,3,626,66,21.59,550,113.82,0,0,3,52,10,-,-,-,-,-,-,-,-,-,-,-,-,-
5,9,0,298,68,33.11,454,65.64,0,0,2,32,11,27,24,1,516,66,22.43,525,98.29,0,0,3,39,13,22,19,3,275,42,17.19,208,132.21,0,0,0,16,12,-,-,-,-,-,-,-,-,-,-,-,-,-
6,10,0,203,75,20.3,278,73.02,0,0,1,21,4,166,133,16,2338,140,19.98,2086,112.08,1,0,10,176,84,84,74,22,1204,61,23.15,794,151.64,0,0,3,88,64,37,30,8,422,40,19.18,307,137.46,0,0,0,23,26
-,-,-,-,-,-,-,-,-,-,-,-,-,21,18,4,237,78,16.93,249,95.18,0,0,1,17,10,35,25,11,256,84,18.29,186,137.63,0,0,1,16,14,10,4,1,15,10,5.0,11,136.36,0,0,0,1,1
-,-,-,-,-,-,-,-,-,-,-,-,-,58,44,10,636,72,18.71,769,82.7,0,0,1,48,13,22,15,4,208,43,18.91,174,119.54,0,0,0,18,6,3,3,0,23,12,7.67,27,85.19,0,0,0,0,0
22,41,3,1177,153,30.97,1629,72.25,2,0,7,151,12,107,102,4,3071,135,31.34,3327,92.31,6,0,15,333,50,60,59,1,1539,84,26.53,1172,131.31,0,0,12,144,51,2,2,0,14,14,7.0,13,107.69,0,0,0,3,0
54,103,4,3402,196,34.36,6162,55.21,7,0,15,415,29,90,88,5,2616,119,31.52,3085,84.8,2,0,20,258,39,49,49,2,1059,79,22.53,817,129.62,0,0,10,80,46,-,-,-,-,-,-,-,-,-,-,-,-,-
70,109,25,935,42,11.13,1936,48.3,0,0,0,114,12,86,48,22,244,26,9.38,404,60.4,0,0,0,18,3,11,6,3,7,5,2.33,11,63.64,0,0,0,1,0,-,-,-,-,-,-,-,-,-,-,-,-,-
30,37,13,275,64,11.46,619,44.43,0,0,1,36,6,226,120,37,567,56,6.83,761,74.51,0,0,1,45,21,84,33,12,136,27,6.48,161,84.47,0,0,0,9,5,122,25,9,88,17,5.5,99,88.89,0,0,0,6,5
1,2,0,14,8,7.0,23,60.87,0,0,0,2,0,19,12,2,89,25,8.9,212,41.98,0,0,0,3,0,14,8,7,20,8,20.0,20,100.0,0,0,0,3,0,-,-,-,-,-,-,-,-,-,-,-,-,-
28,50,17,132,17,4.0,361,36.57,0,0,0,19,0,49,25,17,35,7,4.38,83,42.17,0,0,0,3,1,16,6,5,10,8,10.0,15,66.67,0,0,0,1,0,-,-,-,-,-,-,-,-,-,-,-,-,-
16,24,1,700,130,30.43,1278,54.77,2,0,3,77,6,248,230,33,7701,148,39.09,8447,91.17,14,0,47,654,220,115,106,20,2458,91,28.58,1805,136.18,0,0,14,186,120,83,75,13,1405,68,22.66,1146,122.6,0,0,5,112,64
126,231,18,10608,254,49.8,19046,55.7,28,5,55,1177,28,158,147,23,6207,133,50.06,7140,86.93,16,0,36,496,46,32,30,5,893,90,35.72,707,126.31,0,0,5,92,16,-,-,-,-,-,-,-,-,-,-,-,-,-
5,10,0,187,72,18.7,318,58.81,0,0,1,26,1,110,104,3,3993,180,39.53,3767,106.0,10,0,21,477,76,64,64,0,1522,78,23.78,1106,137.61,0,0,8,153,69,13,13,2,329,91,29.91,255,129.02,0,0,2,39,9
1,2,1,16,9,16.0,18,88.89,0,0,0,0,1,12,10,2,250,66,31.25,204,122.55,0,0,1,17,17,29,24,5,423,103,22.26,286,147.9,1,0,0,25,25,23,23,3,549,70,27.45,329,166.87,0,0,4,38,40
22,39,0,1074,140,27.54,2622,40.96,1,0,9,146,1,12,12,3,455,134,50.56,476,95.59,2,0,2,40,8,55,53,8,1748,103,38.84,1288,135.71,1,0,14,178,58,1,1,0,26,26,26.0,26,100.0,0,0,0,1,1
64,111,8,2914,155,28.29,5697,51.15,5,0,14,355,30,123,97,15,2051,128,25.01,2067,99.23,3,0,5,177,69,71,61,15,1044,72,22.7,716,145.81,0,0,7,82,55,44,42,3,910,93,23.33,632,143.99,0,0,5,76,53
88,159,7,5474,258,36.01,9349,58.55,12,1,28,658,105,105,90,15,2924,102,38.99,3075,95.09,3,0,21,238,88,43,36,9,585,52,21.67,457,128.01,0,0,1,42,22,43,42,6,920,107,25.56,684,134.5,2,0,2,79,32
45,74,14,1675,137,27.92,3207,52.23,1,0,6,217,5,108,74,21,1322,95,24.94,1462,90.42,0,0,5,98,19,26,11,6,125,37,25.0,86,145.35,0,0,0,7,7,21,12,6,78,18,13.0,77,101.3,0,0,0,7,2
2,3,1,66,39,33.0,120,55.0,0,0,0,12,0,28,17,9,303,47,37.88,321,94.39,0,0,0,29,5,30,13,7,64,14,10.67,56,114.29,0,0,0,1,4,13,10,5,127,54,25.4,107,118.69,0,0,1,10,3
-,-,-,-,-,-,-,-,-,-,-,-,-,3,2,0,117,77,58.5,116,100.86,0,0,1,10,3,9,7,1,45,15,7.5,41,109.76,0,0,0,2,2,-,-,-,-,-,-,-,-,-,-,-,-,-
24,38,5,815,78,24.7,1271,64.12,0,0,3,96,21,18,11,2,206,95,22.89,219,94.06,0,0,1,16,8,35,21,8,158,24,12.15,121,130.58,0,0,0,8,9,32,23,8,337,55,22.47,225,149.78,0,0,2,30,18
89,159,11,5482,167,37.04,9520,57.58,12,0,23,650,46,95,86,8,3634,141,46.59,3490,104.13,11,0,15,408,89,66,60,12,1337,90,27.85,980,136.43,0,0,8,120,57,39,39,3,1291,114,35.86,905,142.65,1,0,9,133,55
57,100,9,2907,152,31.95,5365,54.18,2,0,18,339,33,159,132,25,4275,162,39.95,3591,119.05,10,0,22,350,146,103,95,20,2602,101,34.69,1804,144.24,1,0,19,233,108,82,81,10,2831,124,39.87,1891,149.71,5,0,15,277,135
3,3,0,66,36,22.0,114,57.89,0,0,0,10,0,28,23,2,702,118,33.43,771,91.05,1,0,5,74,8,37,33,5,478,87,17.07,368,129.89,0,0,2,41,16,30,27,1,503,56,19.35,388,129.64,0,0,3,40,20
19,33,5,540,61,19.29,1270,42.52,0,0,2,62,4,119,53,15,678,69,17.84,677,100.15,0,0,1,70,9,92,29,15,91,22,6.5,106,85.85,0,0,0,7,0,1,-,-,-,-,-,-,-,-,-,-,-,-
27,44,7,564,52,15.24,882,63.95,0,0,1,73,14,57,19,11,72,14,9.0,91,79.12,0,0,0,7,0,27,3,3,11,5,0.0,13,84.62,0,0,0,1,0,1,1,0,1,1,1.0,3,33.33,0,0,0,0,0
13,20,0,155,30,7.75,306,50.65,0,0,0,22,1,17,9,5,27,8,6.75,34,79.41,0,0,0,2,0,12,2,1,19,18,19.0,10,190.0,0,0,0,2,1,35,23,10,195,27,15.0,124,157.26,0,0,0,11,14
3,6,0,55,20,9.17,144,38.19,0,0,0,8,0,6,3,2,13,9,13.0,12,108.33,0,0,0,2,0,1,1,0,0,0,0.0,1,0.0,0,0,0,0,0,-,-,-,-,-,-,-,-,-,-,-,-,-
-,-,-,-,-,-,-,-,-,-,-,-,-,20,10,7,18,6,6.0,60,30.0,0,0,0,0,1,22,7,5,13,9,6.5,16,81.25,0,0,0,1,0,-,-,-,-,-,-,-,-,-,-,-,-,-
8,11,1,180,35,18.0,320,56.25,0,0,0,24,1,35,24,9,184,38,12.27,211,87.2,0,0,0,12,5,84,50,22,422,36,15.07,309,136.57,0,0,0,30,21,28,11,3,75,30,9.38,65,115.38,0,0,0,3,3
69,118,14,4163,199,40.03,8986,46.33,10,0,21,516,21,143,136,18,5507,185,46.67,6218,88.57,12,0,35,495,66,50,50,7,1528,119,35.53,1137,134.39,1,0,10,140,50,116,109,10,3403,96,34.37,2606,130.58,0,0,25,314,109
-,-,-,-,-,-,-,-,-,-,-,-,-,149,127,39,3656,139,41.55,3599,101.58,5,0,18,276,99,111,96,34,2149,106,34.66,1489,144.33,2,0,6,141,103,105,102,35,2455,101,36.64,1783,137.69,1,0,12,169,113
33,60,1,2009,152,34.05,3475,57.81,5,0,9,290,10,44,41,3,1088,96,28.63,1246,87.32,0,0,5,116,20,31,27,4,879,70,38.22,595,147.73,0,0,9,73,39,20,18,5,527,68,40.54,393,134.1,0,0,3,37,23
17,30,2,900,98,32.14,2205,40.82,0,0,6,101,4,38,33,11,1525,134,69.32,1696,89.92,3,0,11,108,28,41,37,8,1044,94,36.0,811,128.73,0,0,7,66,45,3,3,1,22,12,11.0,24,91.67,0,0,0,2,0
46,74,10,2103,166,32.86,4544,46.28,6,0,8,251,13,199,179,40,5117,150,36.81,6050,84.58,4,0,27,347,75,81,75,25,1934,96,38.68,1532,126.24,0,0,11,138,71,83,77,26,2029,78,39.78,1636,124.02,0,0,14,126,79
4,4,2,19,9,9.5,39,48.72,0,0,0,3,0,74,47,16,742,69,23.94,859,86.38,0,0,2,67,27,38,21,6,149,27,9.93,129,115.5,0,0,0,16,4,-,-,-,-,-,-,-,-,-,-,-,-,-
3,6,0,83,37,13.83,163,50.92,0,0,0,13,1,27,13,1,192,50,16.0,224,85.71,0,0,1,14,5,30,17,5,261,77,21.75,159,164.15,0,0,1,22,15,6,5,1,44,22,11.0,28,157.14,0,0,0,3,3
4,7,0,173,69,24.71,362,47.79,0,0,1,25,0,42,27,4,468,62,20.35,465,100.65,0,0,1,36,15,23,13,4,133,55,14.78,102,130.39,0,0,1,12,5,81,51,23,618,82,22.07,398,155.28,0,0,2,41,35
54,91,6,3300,141,38.82,4652,70.94,6,0,22,411,33,135,135,7,5833,178,45.57,6074,96.03,17,0,29,670,88,77,76,9,2156,79,32.18,1592,135.43,0,0,14,222,78,92,92,6,2764,140,32.14,2064,133.91,2,0,19,277,106
20,23,9,130,29,9.29,235,55.32,0,0,0,18,1,107,36,16,157,29,7.85,225,69.78,0,0,0,21,1,38,4,3,19,9,19.0,18,105.56,0,0,0,1,1,59,9,5,33,13,8.25,37,89.19,0,0,0,5,0
55,84,14,834,47,11.91,1704,48.94,0,0,0,110,14,87,35,15,315,31,15.75,381,82.68,0,0,0,26,7,54,21,14,147,22,21.0,134,109.7,0,0,0,12,5,63,26,11,186,44,12.4,177,105.08,0,0,0,16,6
15,23,9,56,14,4.0,161,34.78,0,0,0,10,0,40,14,9,62,19,12.4,104,59.62,0,0,0,4,4,36,8,3,16,4,3.2,30,53.33,0,0,0,1,0,14,-,-,-,-,-,-,-,-,-,-,-,-
2,4,3,20,18,20.0,48,41.67,0,0,0,2,0,39,7,6,17,9,17.0,31,54.84,0,0,0,1,0,59,12,8,9,4,2.25,24,37.5,0,0,0,0,0,5,1,1,2,2,0.0,4,50.0,0,0,0,0,0
1,2,1,9,5,9.0,18,50.0,0,0,0,1,0,8,3,1,6,3,3.0,19,31.58,0,0,0,0,0,19,5,2,18,12,6.0,23,78.26,0,0,0,0,1,7,3,2,1,1,1.0,3,33.33,0,0,0,0,0
47,89,1,2586,189,29.39,5548,46.61,3,0,17,326,23,198,195,18,7346,237,41.5,8414,87.31,18,1,39,751,187,122,118,7,3531,105,31.81,2602,135.7,2,0,20,310,173,13,13,1,270,50,22.5,196,137.76,0,0,1,24,15
112,196,22,7684,290,44.16,12957,59.3,19,3,35,932,55,236,220,39,8602,181,47.52,10331,83.26,21,0,51,712,147,102,94,19,1909,63,25.45,1560,122.37,0,0,7,122,71,55,54,14,1017,81,25.43,822,123.72,0,0,3,66,46
88,154,14,7368,251,52.63,14378,51.24,24,4,33,818,17,158,150,16,6391,148,47.69,7887,81.03,13,0,40,580,51,87,85,11,2464,95,33.3,2005,122.89,0,0,17,230,57,76,75,17,2101,89,36.22,1667,126.03,0,0,18,181,64
48,73,6,2603,174,38.85,5314,48.98,8,0,12,291,4,58,56,11,1590,124,35.33,1928,82.47,1,0,13,147,14,10,9,1,100,36,12.5,112,89.29,0,0,0,9,0,-,-,-,-,-,-,-,-,-,-,-,-,-
12,22,1,709,137,33.76,1069,66.32,2,0,4,88,11,71,61,11,1409,97,28.18,1424,98.95,0,0,6,123,35,60,48,17,688,48,22.19,431,159.63,0,0,0,49,41,14,10,1,92,22,10.22,93,98.92,0,0,0,6,2
29,44,7,1432,120,38.7,1780,80.45,2,0,8,141,41,45,35,7,742,74,26.5,699,106.15,0,0,4,58,29,41,39,7,503,59,15.72,365,137.81,0,0,3,27,30,25,21,5,303,40,18.94,225,134.67,0,0,0,18,18
1,2,0,15,15,7.5,26,57.69,0,0,0,3,0,57,53,2,1271,87,24.92,1214,104.7,0,0,8,137,36,65,62,7,1724,109,31.35,1102,156.44,3,0,11,132,107,13,12,0,177,40,14.75,141,125.53,0,0,0,19,8
24,32,1,766,126,24.71,1803,42.48,1,0,2,90,18,87,64,26,1057,67,27.82,1208,87.5,0,0,2,76,29,80,53,24,491,77,16.93,383,128.2,0,0,1,36,17,12,6,3,54,22,18.0,50,108.0,0,0,0,3,3
68,119,5,4623,264,40.55,9918,46.61,12,2,23,526,16,117,107,14,3382,145,36.37,3924,86.19,7,0,18,291,49,18,15,2,322,65,24.77,303,106.27,0,0,2,22,5,-,-,-,-,-,-,-,-,-,-,-,-,-
20,33,4,1192,121,41.1,2483,48.01,3,0,7,158,2,2,2,0,31,22,15.5,35,88.57,0,0,0,4,0,7,6,2,59,30,14.75,75,78.67,0,0,0,4,0,-,-,-,-,-,-,-,-,-,-,-,-,-
78,94,46,759,52,15.81,1264,60.05,0,0,1,82,30,99,45,24,191,21,9.1,245,77.96,0,0,0,19,6,55,12,7,32,8,6.4,42,76.19,0,0,0,2,0,78,18,13,53,17,10.6,48,110.42,0,0,0,2,2
17,22,5,312,66,18.35,446,69.96,0,0,2,47,5,65,25,8,223,48,13.12,240,92.92,0,0,0,19,9,6,2,1,10,10,10.0,5,200.0,0,0,0,2,0,2,-,-,-,-,-,-,-,-,-,-,-,-
88,125,10,1855,77,16.13,2240,82.81,0,0,5,187,76,151,90,33,707,55,12.4,731,96.72,0,0,1,55,26,106,42,18,261,39,10.88,187,139.57,0,0,0,18,16,52,20,7,120,36,9.23,107,112.15,0,0,0,8,4
17,25,4,448,63,21.33,851,52.64,0,0,3,51,7,37,17,4,137,25,10.54,169,81.07,0,0,0,6,7,88,21,7,125,19,8.93,114,109.65,0,0,0,8,7,8,2,0,7,6,3.5,17,41.18,0,0,0,0,0
1,2,2,1,1,0.0,9,11.11,0,0,0,0,0,47,20,9,80,19,7.27,163,49.08,0,0,0,4,1,28,6,4,21,14,10.5,15,140.0,0,0,0,0,2,35,9,7,67,24,33.5,45,148.89,0,0,0,6,2
-,-,-,-,-,-,-,-,-,-,-,-,-,-,-,-,-,-,-,-,-,-,-,-,-,-,4,3,1,7,5,3.5,19,36.84,0,0,0,0,0,-,-,-,-,-,-,-,-,-,-,-,-,-
-,-,-,-,-,-,-,-,-,-,-,-,-,-,-,-,-,-,-,-,-,-,-,-,-,-,6,6,0,52,25,8.67,89,58.43,0,0,0,0,3,-,-,-,-,-,-,-,-,-,-,-,-,-
-,-,-,-,-,-,-,-,-,-,-,-,-,26,26,1,709,75,28.36,1065,66.57,0,0,6,70,12,37,32,1,603,59,19.45,560,107.68,0,0,1,54,18,-,-,-,-,-,-,-,-,-,-,-,-,-
-,-,-,-,-,-,-,-,-,-,-,-,-,-,-,-,-,-,-,-,-,-,-,-,-,-,2,2,0,11,9,5.5,25,44.0,0,0,0,0,0,-,-,-,-,-,-,-,-,-,-,-,-,-
-,-,-,-,-,-,-,-,-,-,-,-,-,4,4,1,66,55,22.0,151,43.71,0,0,1,5,0,17,15,3,270,40,22.5,272,99.26,0,0,0,21,6,-,-,-,-,-,-,-,-,-,-,-,-,-
-,-,-,-,-,-,-,-,-,-,-,-,-,10,10,1,315,115,35.0,398,79.15,1,0,1,40,5,27,26,3,620,106,26.96,510,121.57,1,0,2,56,21,-,-,-,-,-,-,-,-,-,-,-,-,-
-,-,-,-,-,-,-,-,-,-,-,-,-,-,-,-,-,-,-,-,-,-,-,-,-,-,1,1,0,2,2,2.0,3,66.67,0,0,0,0,0,-,-,-,-,-,-,-,-,-,-,-,-,-
-,-,-,-,-,-,-,-,-,-,-,-,-,1,1,1,9,9,0.0,44,20.45,0,0,0,0,0,9,5,2,13,6,4.33,43,30.23,0,0,0,0,0,-,-,-,-,-,-,-,-,-,-,-,-,-
-,-,-,-,-,-,-,-,-,-,-,-,-,-,-,-,-,-,-,-,-,-,-,-,-,-,2,1,0,4,4,4.0,7,57.14,0,0,0,0,0,-,-,-,-,-,-,-,-,-,-,-,-,-
-,-,-,-,-,-,-,-,-,-,-,-,-,4,4,0,13,12,3.25,47,27.66,0,0,0,2,0,14,9,3,22,11,3.67,52,42.31,0,0,0,2,0,-,-,-,-,-,-,-,-,-,-,-,-,-
-,-,-,-,-,-,-,-,-,-,-,-,-,1,1,0,3,3,3.0,20,15.0,0,0,0,0,0,9,9,0,90,20,10.0,100,90.0,0,0,0,13,0,-,-,-,-,-,-,-,-,-,-,-,-,-
-,-,-,-,-,-,-,-,-,-,-,-,-,-,-,-,-,-,-,-,-,-,-,-,-,-,11,11,0,79,29,7.18,93,84.95,0,0,0,9,1,-,-,-,-,-,-,-,-,-,-,-,-,-
-,-,-,-,-,-,-,-,-,-,-,-,-,17,14,0,275,59,19.64,461,59.65,0,0,1,24,3,28,22,6,263,58,16.44,242,108.68,0,0,2,19,10,-,-,-,-,-,-,-,-,-,-,-,-,-
-,-,-,-,-,-,-,-,-,-,-,-,-,6,6,0,97,50,16.17,193,50.26,0,0,1,6,1,8,8,0,112,56,14.0,139,80.58,0,0,1,10,1,-,-,-,-,-,-,-,-,-,-,-,-,-
-,-,-,-,-,-,-,-,-,-,-,-,-,28,21,2,204,42,10.74,268,76.12,0,0,0,16,10,36,24,7,245,45,14.41,163,150.31,0,0,0,13,19,-,-,-,-,-,-,-,-,-,-,-,-,-
-,-,-,-,-,-,-,-,-,-,-,-,-,-,-,-,-,-,-,-,-,-,-,-,-,-,10,3,2,6,5,6.0,12,50.0,0,0,0,0,0,-,-,-,-,-,-,-,-,-,-,-,-,-
-,-,-,-,-,-,-,-,-,-,-,-,-,32,26,6,362,61,18.1,538,67.29,0,0,1,24,7,38,23,8,202,40,13.47,184,109.78,0,0,0,15,8,-,-,-,-,-,-,-,-,-,-,-,-,-
-,-,-,-,-,-,-,-,-,-,-,-,-,2,2,0,0,0,0.0,5,0.0,0,0,0,0,0,-,-,-,-,-,-,-,-,-,-,-,-,-,-,-,-,-,-,-,-,-,-,-,-,-,-
-,-,-,-,-,-,-,-,-,-,-,-,-,2,2,0,11,6,5.5,20,55.0,0,0,0,1,0,-,-,-,-,-,-,-,-,-,-,-,-,-,-,-,-,-,-,-,-,-,-,-,-,-,-
-,-,-,-,-,-,-,-,-,-,-,-,-,5,4,0,5,5,1.25,9,55.56,0,0,0,1,0,-,-,-,-,-,-,-,-,-,-,-,-,-,-,-,-,-,-,-,-,-,-,-,-,-,-
-,-,-,-,-,-,-,-,-,-,-,-,-,5,5,0,43,23,8.6,94,45.74,0,0,0,4,0,-,-,-,-,-,-,-,-,-,-,-,-,-,-,-,-,-,-,-,-,-,-,-,-,-,-
-,-,-,-,-,-,-,-,-,-,-,-,-,6,6,0,199,85,33.17,198,100.51,0,0,1,25,3,-,-,-,-,-,-,-,-,-,-,-,-,-,-,-,-,-,-,-,-,-,-,-,-,-,-
-,-,-,-,-,-,-,-,-,-,-,-,-,3,3,2,26,17,26.0,38,68.42,0,0,0,3,0,-,-,-,-,-,-,-,-,-,-,-,-,-,-,-,-,-,-,-,-,-,-,-,-,-,-
-,-,-,-,-,-,-,-,-,-,-,-,-,6,6,1,11,5,2.2,62,17.74,0,0,0,1,0,-,-,-,-,-,-,-,-,-,-,-,-,-,-,-,-,-,-,-,-,-,-,-,-,-,-
-,-,-,-,-,-,-,-,-,-,-,-,-,3,2,0,45,41,22.5,65,69.23,0,0,0,4,1,-,-,-,-,-,-,-,-,-,-,-,-,-,-,-,-,-,-,-,-,-,-,-,-,-,-
-,-,-,-,-,-,-,-,-,-,-,-,-,6,6,0,132,52,22.0,220,60.0,0,0,1,11,0,-,-,-,-,-,-,-,-,-,-,-,-,-,-,-,-,-,-,-,-,-,-,-,-,-,-
-,-,-,-,-,-,-,-,-,-,-,-,-,5,4,1,27,24,9.0,51,52.94,0,0,0,3,0,-,-,-,-,-,-,-,-,-,-,-,-,-,-,-,-,-,-,-,-,-,-,-,-,-,-
-,-,-,-,-,-,-,-,-,-,-,-,-,6,6,1,82,27,16.4,135,60.74,0,0,0,3,1,-,-,-,-,-,-,-,-,-,-,-,-,-,-,-,-,-,-,-,-,-,-,-,-,-,-
-,-,-,-,-,-,-,-,-,-,-,-,-,1,-,-,-,-,-,-,-,-,-,-,-,-,-,-,-,-,-,-,-,-,-,-,-,-,-,-,-,-,-,-,-,-,-,-,-,-,-,-
-,-,-,-,-,-,-,-,-,-,-,-,-,5,5,1,58,24,14.5,111,52.25,0,0,0,3,1,-,-,-,-,-,-,-,-,-,-,-,-,-,-,-,-,-,-,-,-,-,-,-,-,-,-
-,-,-,-,-,-,-,-,-,-,-,-,-,5,5,2,26,14,8.67,38,68.42,0,0,0,2,1,-,-,-,-,-,-,-,-,-,-,-,-,-,-,-,-,-,-,-,-,-,-,-,-,-,-
-,-,-,-,-,-,-,-,-,-,-,-,-,6,6,1,172,45,34.4,240,71.67,0,0,0,14,3,16,15,2,287,49,22.08,262,109.54,0,0,0,27,11,-,-,-,-,-,-,-,-,-,-,-,-,-
-,-,-,-,-,-,-,-,-,-,-,-,-,41,41,2,1336,117,34.26,1545,86.47,2,0,11,133,28,31,31,2,854,62,29.45,702,121.65,0,0,6,65,37,-,-,-,-,-,-,-,-,-,-,-,-,-
-,-,-,-,-,-,-,-,-,-,-,-,-,32,30,4,764,109,29.38,1255,60.88,1,0,3,54,2,15,13,2,263,51,23.91,235,111.91,0,0,1,22,4,-,-,-,-,-,-,-,-,-,-,-,-,-
-,-,-,-,-,-,-,-,-,-,-,-,-,35,35,0,941,115,26.89,1492,63.07,2,0,5,95,13,31,31,3,819,88,29.25,710,115.35,0,0,7,84,18,-,-,-,-,-,-,-,-,-,-,-,-,-
-,-,-,-,-,-,-,-,-,-,-,-,-,16,16,0,344,92,21.5,387,88.89,0,0,2,38,9,12,12,0,238,75,19.83,185,128.65,0,0,3,32,6,-,-,-,-,-,-,-,-,-,-,-,-,-
-,-,-,-,-,-,-,-,-,-,-,-,-,9,9,1,191,59,23.88,252,75.79,0,0,1,12,7,19,15,7,136,20,17.0,114,119.3,0,0,0,9,6,-,-,-,-,-,-,-,-,-,-,-,-,-
-,-,-,-,-,-,-,-,-,-,-,-,-,3,3,2,47,37,47.0,100,47.0,0,0,0,6,0,1,1,0,11,11,11.0,12,91.67,0,0,0,2,0,-,-,-,-,-,-,-,-,-,-,-,-,-
-,-,-,-,-,-,-,-,-,-,-,-,-,58,53,3,1192,109,23.84,1820,65.49,1,0,6,102,21,54,50,4,980,77,21.3,809,121.14,0,0,4,104,27,-,-,-,-,-,-,-,-,-,-,-,-,-
-,-,-,-,-,-,-,-,-,-,-,-,-,54,41,7,409,50,12.03,674,60.68,0,0,1,29,8,54,20,10,122,22,12.2,147,82.99,0,0,0,3,5,-,-,-,-,-,-,-,-,-,-,-,-,-
-,-,-,-,-,-,-,-,-,-,-,-,-,40,35,10,401,45,16.04,327,122.63,0,0,0,41,21,30,23,10,172,27,13.23,145,118.62,0,0,0,16,8,-,-,-,-,-,-,-,-,-,-,-,-,-
-,-,-,-,-,-,-,-,-,-,-,-,-,24,23,0,500,90,21.74,800,62.5,0,0,4,49,3,16,14,3,208,58,18.91,182,114.29,0,0,1,24,4,-,-,-,-,-,-,-,-,-,-,-,-,-
-,-,-,-,-,-,-,-,-,-,-,-,-,21,14,7,58,18,8.29,136,42.65,0,0,0,2,0,10,2,2,4,4,0.0,8,50.0,0,0,0,0,0,-,-,-,-,-,-,-,-,-,-,-,-,-
-,-,-,-,-,-,-,-,-,-,-,-,-,11,6,4,9,4,4.5,31,29.03,0,0,0,1,0,10,4,3,7,5,7.0,12,58.33,0,0,0,1,0,-,-,-,-,-,-,-,-,-,-,-,-,-
-,-,-,-,-,-,-,-,-,-,-,-,-,3,2,0,18,11,9.0,42,42.86,0,0,0,2,0,22,16,5,64,18,5.82,67,95.52,0,0,0,1,4,-,-,-,-,-,-,-,-,-,-,-,-,-
-,-,-,-,-,-,-,-,-,-,-,-,-,9,6,3,31,24,10.33,73,42.47,0,0,0,1,1,4,2,0,3,3,1.5,6,50.0,0,0,0,0,0,-,-,-,-,-,-,-,-,-,-,-,-,-
-,-,-,-,-,-,-,-,-,-,-,-,-,37,24,10,89,16,6.36,158,56.33,0,0,0,7,3,37,8,4,11,6,2.75,21,52.38,0,0,0,1,0,-,-,-,-,-,-,-,-,-,-,-,-,-
-,-,-,-,-,-,-,-,-,-,-,-,-,49,45,2,1306,96,30.37,1764,74.04,0,0,9,127,39,36,34,3,587,103,18.94,512,114.65,1,0,1,69,20,-,-,-,-,-,-,-,-,-,-,-,-,-
-,-,-,-,-,-,-,-,-,-,-,-,-,5,5,0,71,27,14.2,153,46.41,0,0,0,7,0,10,10,0,84,18,8.4,134,62.69,0,0,0,7,0,-,-,-,-,-,-,-,-,-,-,-,-,-
-,-,-,-,-,-,-,-,-,-,-,-,-,104,89,9,2044,98,25.55,2981,68.57,0,0,11,160,30,49,45,10,1042,75,29.77,898,116.04,0,0,5,75,42,-,-,-,-,-,-,-,-,-,-,-,-,-
-,-,-,-,-,-,-,-,-,-,-,-,-,20,20,0,419,74,20.95,751,55.79,0,0,2,48,2,-,-,-,-,-,-,-,-,-,-,-,-,-,-,-,-,-,-,-,-,-,-,-,-,-,-
-,-,-,-,-,-,-,-,-,-,-,-,-,12,9,0,150,86,16.67,210,71.43,0,0,1,16,0,20,18,2,213,52,13.31,196,108.67,0,0,1,15,5,-,-,-,-,-,-,-,-,-,-,-,-,-
-,-,-,-,-,-,-,-,-,-,-,-,-,10,6,0,56,29,9.33,121,46.28,0,0,0,3,0,26,14,3,192,67,17.45,179,107.26,0,0,1,15,5,-,-,-,-,-,-,-,-,-,-,-,-,-
-,-,-,-,-,-,-,-,-,-,-,-,-,67,53,9,528,66,12.0,736,71.74,0,0,1,47,12,37,27,3,275,41,11.46,257,107.0,0,0,0,30,6,-,-,-,-,-,-,-,-,-,-,-,-,-
-,-,-,-,-,-,-,-,-,-,-,-,-,-,-,-,-,-,-,-,-,-,-,-,-,-,12,4,0,8,5,2.0,16,50.0,0,0,0,0,0,-,-,-,-,-,-,-,-,-,-,-,-,-
-,-,-,-,-,-,-,-,-,-,-,-,-,9,9,0,396,112,44.0,522,75.86,2,0,1,40,0,34,31,9,662,71,30.09,650,101.85,0,0,4,64,10,-,-,-,-,-,-,-,-,-,-,-,-,-
-,-,-,-,-,-,-,-,-,-,-,-,-,81,78,5,1517,61,20.78,2559,59.28,0,0,7,140,5,22,19,1,127,19,7.06,160,79.38,0,0,0,15,1,-,-,-,-,-,-,-,-,-,-,-,-,-
-,-,-,-,-,-,-,-,-,-,-,-,-,39,35,4,621,92,20.03,977,63.56,0,0,2,56,7,49,40,9,830,73,26.77,633,131.12,0,0,3,61,45,-,-,-,-,-,-,-,-,-,-,-,-,-
-,-,-,-,-,-,-,-,-,-,-,-,-,10,9,7,34,16,17.0,50,68.0,0,0,0,3,1,-,-,-,-,-,-,-,-,-,-,-,-,-,-,-,-,-,-,-,-,-,-,-,-,-,-
-,-,-,-,-,-,-,-,-,-,-,-,-,18,12,4,35,21,4.38,86,40.7,0,0,0,1,1,7,3,1,4,2,2.0,17,23.53,0,0,0,0,0,-,-,-,-,-,-,-,-,-,-,-,-,-
-,-,-,-,-,-,-,-,-,-,-,-,-,11,10,3,68,28,9.71,117,58.12,0,0,0,3,2,45,26,9,192,38,11.29,157,122.29,0,0,0,15,8,-,-,-,-,-,-,-,-,-,-,-,-,-
-,-,-,-,-,-,-,-,-,-,-,-,-,2,2,1,6,5,6.0,6,100.0,0,0,0,1,0,22,11,4,134,33,19.14,89,150.56,0,0,0,14,7,-,-,-,-,-,-,-,-,-,-,-,-,-
-,-,-,-,-,-,-,-,-,-,-,-,-,26,17,7,49,11,4.9,136,36.03,0,0,0,4,0,26,12,6,26,8,4.33,54,48.15,0,0,0,0,1,-,-,-,-,-,-,-,-,-,-,-,-,-
-,-,-,-,-,-,-,-,-,-,-,-,-,63,38,17,252,34,12.0,489,51.53,0,0,0,11,1,25,12,11,55,18,55.0,85,64.71,0,0,0,1,0,-,-,-,-,-,-,-,-,-,-,-,-,-
-,-,-,-,-,-,-,-,-,-,-,-,-,4,4,1,61,33,20.33,108,56.48,0,0,0,5,0,-,-,-,-,-,-,-,-,-,-,-,-,-,-,-,-,-,-,-,-,-,-,-,-,-,-
-,-,-,-,-,-,-,-,-,-,-,-,-,85,84,4,3124,156,39.05,3776,82.73,5,0,21,401,40,69,68,2,1495,89,22.65,1254,119.22,0,0,6,158,48,-,-,-,-,-,-,-,-,-,-,-,-,-
-,-,-,-,-,-,-,-,-,-,-,-,-,17,15,4,248,46,22.55,312,79.49,0,0,0,18,1,8,6,2,60,24,15.0,62,96.77,0,0,0,2,3,-,-,-,-,-,-,-,-,-,-,-,-,-
-,-,-,-,-,-,-,-,-,-,-,-,-,12,12,0,354,87,29.5,530,66.79,0,0,3,33,3,4,4,0,110,86,27.5,79,139.24,0,0,1,10,4,-,-,-,-,-,-,-,-,-,-,-,-,-
-,-,-,-,-,-,-,-,-,-,-,-,-,47,46,8,1357,79,35.71,1709,79.4,0,0,10,135,32,55,54,4,1438,127,28.76,1016,141.54,1,0,9,172,58,-,-,-,-,-,-,-,-,-,-,-,-,-
-,-,-,-,-,-,-,-,-,-,-,-,-,100,95,11,2502,114,29.79,3401,73.57,3,0,16,168,57,78,72,14,1783,100,30.74,1392,128.09,1,0,7,154,57,-,-,-,-,-,-,-,-,-,-,-,-,-
-,-,-,-,-,-,-,-,-,-,-,-,-,87,86,7,3024,175,38.28,3749,80.66,10,0,13,313,35,64,61,9,1239,74,23.83,1115,111.12,0,0,7,107,23,-,-,-,-,-,-,-,-,-,-,-,-,-
-,-,-,-,-,-,-,-,-,-,-,-,-,58,48,9,935,85,23.97,838,111.58,0,0,6,80,37,47,38,5,487,58,14.76,386,126.17,0,0,1,36,22,-,-,-,-,-,-,-,-,-,-,-,-,-
-,-,-,-,-,-,-,-,-,-,-,-,-,40,18,8,100,28,10.0,157,63.69,0,0,0,9,1,35,10,2,10,8,1.25,17,58.82,0,0,0,1,0,-,-,-,-,-,-,-,-,-,-,-,-,-
-,-,-,-,-,-,-,-,-,-,-,-,-,10,7,1,46,20,7.67,43,106.98,0,0,0,7,0,9,6,2,69,33,17.25,43,160.47,0,0,0,9,1,-,-,-,-,-,-,-,-,-,-,-,-,-
-,-,-,-,-,-,-,-,-,-,-,-,-,78,73,1,1718,114,23.86,2366,72.61,2,0,9,158,21,60,51,7,994,66,22.59,859,115.72,0,0,5,98,25,-,-,-,-,-,-,-,-,-,-,-,-,-
-,-,-,-,-,-,-,-,-,-,-,-,-,32,28,1,574,58,21.26,630,91.11,0,0,4,47,12,20,16,6,173,27,17.3,161,107.45,0,0,0,15,3,-,-,-,-,-,-,-,-,-,-,-,-,-
-,-,-,-,-,-,-,-,-,-,-,-,-,50,31,11,333,37,16.65,444,75.0,0,0,0,27,4,51,21,8,134,22,10.31,112,119.64,0,0,0,15,1,-,-,-,-,-,-,-,-,-,-,-,-,-
-,-,-,-,-,-,-,-,-,-,-,-,-,68,47,21,514,40,19.77,694,74.06,0,0,0,35,5,57,25,13,165,26,13.75,136,121.32,0,0,0,10,5,-,-,-,-,-,-,-,-,-,-,-,-,-
-,-,-,-,-,-,-,-,-,-,-,-,-,22,10,1,42,15,4.67,59,71.19,0,0,0,4,0,8,2,2,6,4,0.0,3,200.0,0,0,0,1,0,-,-,-,-,-,-,-,-,-,-,-,-,-
-,-,-,-,-,-,-,-,-,-,-,-,-,14,4,3,82,64,82.0,87,94.25,0,0,1,7,1,5,2,2,12,12,0.0,14,85.71,0,0,0,2,0,-,-,-,-,-,-,-,-,-,-,-,-,-
-,-,-,-,-,-,-,-,-,-,-,-,-,13,7,3,16,14,4.0,31,51.61,0,0,0,3,0,17,5,4,5,2,5.0,8,62.5,0,0,0,0,0,-,-,-,-,-,-,-,-,-,-,-,-,-
-,-,-,-,-,-,-,-,-,-,-,-,-,12,11,4,98,24,14.0,195,50.26,0,0,0,9,0,-,-,-,-,-,-,-,-,-,-,-,-,-,-,-,-,-,-,-,-,-,-,-,-,-,-
-,-,-,-,-,-,-,-,-,-,-,-,-,8,8,0,60,20,7.5,135,44.44,0,0,0,7,2,3,3,0,9,7,3.0,17,52.94,0,0,0,0,0,-,-,-,-,-,-,-,-,-,-,-,-,-
-,-,-,-,-,-,-,-,-,-,-,-,-,2,2,0,68,45,34.0,104,65.38,0,0,0,8,2,-,-,-,-,-,-,-,-,-,-,-,-,-,-,-,-,-,-,-,-,-,-,-,-,-,-
-,-,-,-,-,-,-,-,-,-,-,-,-,4,4,0,106,60,26.5,174,60.92,0,0,1,5,1,3,3,0,13,7,4.33,17,76.47,0,0,0,2,0,-,-,-,-,-,-,-,-,-,-,-,-,-
-,-,-,-,-,-,-,-,-,-,-,-,-,22,22,3,641,102,33.74,912,70.29,1,0,4,68,7,2,2,0,20,20,10.0,32,62.5,0,0,0,2,1,-,-,-,-,-,-,-,-,-,-,-,-,-
-,-,-,-,-,-,-,-,-,-,-,-,-,3,2,1,2,2,2.0,7,28.57,0,0,0,0,0,1,1,0,0,0,0.0,1,0.0,0,0,0,0,0,-,-,-,-,-,-,-,-,-,-,-,-,-
-,-,-,-,-,-,-,-,-,-,-,-,-,23,23,0,336,56,14.61,612,54.9,0,0,1,30,2,3,3,1,49,37,24.5,51,96.08,0,0,0,2,1,-,-,-,-,-,-,-,-,-,-,-,-,-
-,-,-,-,-,-,-,-,-,-,-,-,-,4,4,0,36,30,9.0,89,40.45,0,0,0,2,1,-,-,-,-,-,-,-,-,-,-,-,-,-,-,-,-,-,-,-,-,-,-,-,-,-,-
-,-,-,-,-,-,-,-,-,-,-,-,-,5,-,-,-,-,-,-,-,-,-,-,-,-,1,1,0,1,1,1.0,5,20.0,0,0,0,0,0,-,-,-,-,-,-,-,-,-,-,-,-,-
-,-,-,-,-,-,-,-,-,-,-,-,-,12,12,2,113,27,11.3,149,75.84,0,0,0,8,5,3,3,1,25,11,12.5,32,78.12,0,0,0,1,0,-,-,-,-,-,-,-,-,-,-,-,-,-
-,-,-,-,-,-,-,-,-,-,-,-,-,5,5,0,72,30,14.4,217,33.18,0,0,0,4,0,3,3,0,34,15,11.33,53,64.15,0,0,0,1,0,-,-,-,-,-,-,-,-,-,-,-,-,-
-,-,-,-,-,-,-,-,-,-,-,-,-,11,10,4,130,48,21.67,249,52.21,0,0,0,9,0,9,8,3,35,19,7.0,69,50.72,0,0,0,3,0,-,-,-,-,-,-,-,-,-,-,-,-,-
-,-,-,-,-,-,-,-,-,-,-,-,-,26,26,1,496,52,19.84,726,68.32,0,0,1,57,7,5,5,1,94,50,23.5,97,96.91,0,0,1,11,1,-,-,-,-,-,-,-,-,-,-,-,-,-
-,-,-,-,-,-,-,-,-,-,-,-,-,11,11,2,252,72,28.0,403,62.53,0,0,1,22,3,3,3,0,13,9,4.33,28,46.43,0,0,0,0,0,-,-,-,-,-,-,-,-,-,-,-,-,-
-,-,-,-,-,-,-,-,-,-,-,-,-,6,6,0,65,20,10.83,145,44.83,0,0,0,5,1,3,3,0,24,16,8.0,29,82.76,0,0,0,3,0,-,-,-,-,-,-,-,-,-,-,-,-,-
-,-,-,-,-,-,-,-,-,-,-,-,-,2,2,0,122,69,61.0,218,55.96,0,0,2,14,1,-,-,-,-,-,-,-,-,-,-,-,-,-,-,-,-,-,-,-,-,-,-,-,-,-,-
-,-,-,-,-,-,-,-,-,-,-,-,-,1,1,1,15,15,0.0,26,57.69,0,0,0,0,1,-,-,-,-,-,-,-,-,-,-,-,-,-,-,-,-,-,-,-,-,-,-,-,-,-,-
-,-,-,-,-,-,-,-,-,-,-,-,-,19,13,5,85,22,10.62,101,84.16,0,0,0,3,7,-,-,-,-,-,-,-,-,-,-,-,-,-,-,-,-,-,-,-,-,-,-,-,-,-,-
-,-,-,-,-,-,-,-,-,-,-,-,-,10,6,6,14,7,0.0,31,45.16,0,0,0,1,0,3,2,2,13,11,0.0,24,54.17,0,0,0,0,0,-,-,-,-,-,-,-,-,-,-,-,-,-
-,-,-,-,-,-,-,-,-,-,-,-,-,1,1,0,4,4,4.0,28,14.29,0,0,0,0,0,-,-,-,-,-,-,-,-,-,-,-,-,-,-,-,-,-,-,-,-,-,-,-,-,-,-
-,-,-,-,-,-,-,-,-,-,-,-,-,9,7,0,38,16,5.43,54,70.37,0,0,0,4,1,7,5,2,25,7,8.33,34,73.53,0,0,0,1,1,-,-,-,-,-,-,-,-,-,-,-,-,-
-,-,-,-,-,-,-,-,-,-,-,-,-,3,2,0,27,17,13.5,40,67.5,0,0,0,2,1,-,-,-,-,-,-,-,-,-,-,-,-,-,-,-,-,-,-,-,-,-,-,-,-,-,-
-,-,-,-,-,-,-,-,-,-,-,-,-,1,-,-,-,-,-,-,-,-,-,-,-,-,-,-,-,-,-,-,-,-,-,-,-,-,-,-,-,-,-,-,-,-,-,-,-,-,-,-
-,-,-,-,-,-,-,-,-,-,-,-,-,8,7,1,70,20,11.67,142,49.3,0,0,0,7,2,-,-,-,-,-,-,-,-,-,-,-,-,-,-,-,-,-,-,-,-,-,-,-,-,-,-
-,-,-,-,-,-,-,-,-,-,-,-,-,2,2,0,72,42,36.0,69,104.35,0,0,0,8,1,-,-,-,-,-,-,-,-,-,-,-,-,-,-,-,-,-,-,-,-,-,-,-,-,-,-
-,-,-,-,-,-,-,-,-,-,-,-,-,35,34,3,783,101,25.26,1222,64.08,1,0,4,86,16,2,2,0,9,8,4.5,20,45.0,0,0,0,0,0,-,-,-,-,-,-,-,-,-,-,-,-,-
